measure_id,measure_name,location_name,metric_name,val,year,upper,lower
0,'DALYs (Disability-Adjusted Life Years)',China,Rate,0.491978,2017,0.486458,0.477438
0,'DALYs (Disability-Adjusted Life Years)',Serbia,Rate,0.898297,2017,0.880725,0.869864
0,'DALYs (Disability-Adjusted Life Years)',Vanuatu,Rate,0.121095,2017,0.128903,0.106172
0,'DALYs (Disability-Adjusted Life Years)','United Kingdom',Rate,0.666933,2017,0.642695,0.648258
0,'DALYs (Disability-Adjusted Life Years)',Grenada,Rate,0.48107,2017,0.471364,0.466025
0,'DALYs (Disability-Adjusted Life Years)',Palau,Rate,0.660245,2018,0.682311,0.618578
0,'DALYs (Disability-Adjusted Life Years)',Hungary,Rate,1,2017,0.954726,1
0,'DALYs (Disability-Adjusted Life Years)',Guinea,Rate,0.143403,2018,0.157524,0.122276
0,'DALYs (Disability-Adjusted Life Years)',Guyana,Rate,0.240771,2018,0.232505,0.234511
0,'DALYs (Disability-Adjusted Life Years)',Tunisia,Rate,0.368714,2017,0.374302,0.351694
0,'DALYs (Disability-Adjusted Life Years)',Namibia,Rate,0.210077,2017,0.225185,0.163068
0,'DALYs (Disability-Adjusted Life Years)','New Zealand',Rate,0.54244,2017,0.524961,0.517245
0,'DALYs (Disability-Adjusted Life Years)',Kyrgyzstan,Rate,0.185046,2017,0.172503,0.187411
0,'DALYs (Disability-Adjusted Life Years)','Trinidad and Tobago',Rate,0.433097,2017,0.41773,0.427126
0,'DALYs (Disability-Adjusted Life Years)','Democratic Peoples Republic of Korea',Rate,0.452111,2018,0.492921,0.397326
0,'DALYs (Disability-Adjusted Life Years)',Maldives,Rate,0.085654,2017,0.081136,0.083099
0,'DALYs (Disability-Adjusted Life Years)',Mauritius,Rate,0.333443,2017,0.318083,0.333532
0,'DALYs (Disability-Adjusted Life Years)',Canada,Rate,0.598306,2017,0.576138,0.584631
0,'DALYs (Disability-Adjusted Life Years)',Australia,Rate,0.502016,2018,0.485473,0.483044
0,'DALYs (Disability-Adjusted Life Years)',Timor-Leste,Rate,0.158569,2017,0.172205,0.132885
0,'DALYs (Disability-Adjusted Life Years)','South Africa',Rate,0.33604,2018,0.356156,0.299561
0,'DALYs (Disability-Adjusted Life Years)',Colombia,Rate,0.273875,2017,0.255603,0.276272
0,'DALYs (Disability-Adjusted Life Years)',Cyprus,Rate,0.474058,2017,0.481619,0.440868
0,'DALYs (Disability-Adjusted Life Years)',Morocco,Rate,0.183996,2017,0.21028,0.148604
0,'DALYs (Disability-Adjusted Life Years)','Brunei Darussalam',Rate,0.305327,2017,0.298877,0.290249
0,'DALYs (Disability-Adjusted Life Years)',Barbados,Rate,0.648019,2018,0.636485,0.635976
0,'DALYs (Disability-Adjusted Life Years)',Uganda,Rate,0.296601,2018,0.316194,0.261688
0,'DALYs (Disability-Adjusted Life Years)','Brunei Darussalam',Rate,0.324853,2019,0.319191,0.306832
0,'DALYs (Disability-Adjusted Life Years)',Slovakia,Rate,0.773154,2017,0.759075,0.764774
0,'DALYs (Disability-Adjusted Life Years)',Pakistan,Rate,0.225673,2018,0.232417,0.210069
0,'DALYs (Disability-Adjusted Life Years)','Papua New Guinea',Rate,0.169498,2017,0.181298,0.145049
0,'DALYs (Disability-Adjusted Life Years)',Suriname,Rate,0.343046,2018,0.34058,0.323855
0,'DALYs (Disability-Adjusted Life Years)','Northern Mariana Islands',Rate,0.471328,2017,0.483036,0.435331
0,'DALYs (Disability-Adjusted Life Years)','Sao Tome and Principe',Rate,0.186595,2017,0.20876,0.162373
0,'DALYs (Disability-Adjusted Life Years)',Timor-Leste,Rate,0.163004,2019,0.176817,0.141651
0,'DALYs (Disability-Adjusted Life Years)',Nigeria,Rate,0.133044,2018,0.146518,0.110357
0,'DALYs (Disability-Adjusted Life Years)','New Zealand',Rate,0.526569,2019,0.509807,0.505976
0,'DALYs (Disability-Adjusted Life Years)',Kazakhstan,Rate,0.301881,2018,0.288123,0.29822
0,'DALYs (Disability-Adjusted Life Years)','Equatorial Guinea',Rate,0.172497,2017,0.196667,0.131391
0,'DALYs (Disability-Adjusted Life Years)',Belize,Rate,0.195359,2017,0.18575,0.193612
0,'DALYs (Disability-Adjusted Life Years)',Tunisia,Rate,0.38344,2019,0.386019,0.367402
0,'DALYs (Disability-Adjusted Life Years)',Israel,Rate,0.34284,2019,0.329959,0.330481
0,'DALYs (Disability-Adjusted Life Years)',Cameroon,Rate,0.146056,2017,0.150029,0.130034
0,'DALYs (Disability-Adjusted Life Years)','United States Virgin Islands',Rate,0.5401,2017,0.53922,0.519561
0,'DALYs (Disability-Adjusted Life Years)',Türkiye,Rate,0.362946,2018,0.356542,0.334998
0,'DALYs (Disability-Adjusted Life Years)',Slovakia,Rate,0.766333,2019,0.752143,0.755036
0,'DALYs (Disability-Adjusted Life Years)',Ghana,Rate,0.11926,2017,0.12372,0.106355
0,'DALYs (Disability-Adjusted Life Years)',Kyrgyzstan,Rate,0.158822,2019,0.147165,0.162078
0,'DALYs (Disability-Adjusted Life Years)','Micronesia (Federated States of)',Rate,0.314194,2018,0.322144,0.290436
0,'DALYs (Disability-Adjusted Life Years)','Republic of Moldova',Rate,0.581216,2017,0.561283,0.573894
0,'DALYs (Disability-Adjusted Life Years)','Taiwan (Province of China)',Rate,0.670048,2017,0.640524,0.667944
0,'DALYs (Disability-Adjusted Life Years)',Malaysia,Rate,0.248673,2018,0.239256,0.243519
0,'DALYs (Disability-Adjusted Life Years)',Colombia,Rate,0.273063,2019,0.255369,0.275066
0,'DALYs (Disability-Adjusted Life Years)',Albania,Rate,0.451873,2017,0.462508,0.425268
0,'DALYs (Disability-Adjusted Life Years)',Canada,Rate,0.590583,2019,0.568841,0.575326
0,'DALYs (Disability-Adjusted Life Years)',Slovenia,Rate,0.772699,2018,0.749513,0.749888
0,'DALYs (Disability-Adjusted Life Years)',Maldives,Rate,0.089104,2019,0.085803,0.085462
0,'DALYs (Disability-Adjusted Life Years)',Mozambique,Rate,0.077298,2018,0.081117,0.06543
0,'DALYs (Disability-Adjusted Life Years)',Lithuania,Rate,0.834138,2018,0.799302,0.830291
0,'DALYs (Disability-Adjusted Life Years)','United States of America',Rate,0.544108,2018,0.525866,0.528189
0,'DALYs (Disability-Adjusted Life Years)',Iraq,Rate,0.267845,2019,0.275163,0.250582
0,'DALYs (Disability-Adjusted Life Years)','United Arab Emirates',Rate,0.02217,2017,0.02424,0.019312
0,'DALYs (Disability-Adjusted Life Years)','Bolivia (Plurinational State of)',Rate,0.378078,2017,0.390069,0.353417
0,'DALYs (Disability-Adjusted Life Years)','Iran (Islamic Republic of)',Rate,0.224863,2018,0.226106,0.215689
0,'DALYs (Disability-Adjusted Life Years)','Cabo Verde',Rate,0.270899,2018,0.28727,0.245793
0,'DALYs (Disability-Adjusted Life Years)',Afghanistan,Rate,0.068402,2018,0.07968,0.042001
0,'DALYs (Disability-Adjusted Life Years)',Morocco,Rate,0.209212,2019,0.242037,0.172887
0,'DALYs (Disability-Adjusted Life Years)',Montenegro,Rate,0.694825,2017,0.700383,0.65437
0,'DALYs (Disability-Adjusted Life Years)',Belize,Rate,0.201557,2019,0.190339,0.201443
0,'DALYs (Disability-Adjusted Life Years)','Trinidad and Tobago',Rate,0.459017,2019,0.444316,0.451616
0,'DALYs (Disability-Adjusted Life Years)',Albania,Rate,0.49235,2019,0.504852,0.466485
0,'DALYs (Disability-Adjusted Life Years)','Viet Nam',Rate,0.338923,2018,0.353887,0.309881
0,'DALYs (Disability-Adjusted Life Years)',Eswatini,Rate,0.306807,2017,0.415293,0.21365
0,'DALYs (Disability-Adjusted Life Years)',Cuba,Rate,0.642539,2018,0.615204,0.639691
0,'DALYs (Disability-Adjusted Life Years)',Nicaragua,Rate,0.187357,2018,0.190597,0.182128
0,'DALYs (Disability-Adjusted Life Years)',Japan,Rate,0.748266,2018,0.740995,0.69067
0,'DALYs (Disability-Adjusted Life Years)',Zambia,Rate,0.214608,2017,0.235793,0.18919
0,'DALYs (Disability-Adjusted Life Years)',Panama,Rate,0.28211,2019,0.266838,0.282242
0,'DALYs (Disability-Adjusted Life Years)','American Samoa',Rate,0.36143,2018,0.374123,0.33476
0,'DALYs (Disability-Adjusted Life Years)',Panama,Rate,0.270695,2017,0.255437,0.271789
0,'DALYs (Disability-Adjusted Life Years)',Ethiopia,Rate,0.32289,2017,0.351619,0.29277
0,'DALYs (Disability-Adjusted Life Years)',Eritrea,Rate,0.347647,2018,0.375662,0.314902
0,'DALYs (Disability-Adjusted Life Years)','Taiwan (Province of China)',Rate,0.669738,2019,0.643518,0.660758
0,'DALYs (Disability-Adjusted Life Years)',Denmark,Rate,0.769046,2018,0.745928,0.745587
0,'DALYs (Disability-Adjusted Life Years)',Palestine,Rate,0.119895,2018,0.113167,0.114431
0,'DALYs (Disability-Adjusted Life Years)',Ireland,Rate,0.48931,2018,0.472471,0.474912
0,'DALYs (Disability-Adjusted Life Years)',Guinea-Bissau,Rate,0.137199,2018,0.15378,0.110523
0,'DALYs (Disability-Adjusted Life Years)','North Macedonia',Rate,0.718601,2018,0.703942,0.693129
0,'DALYs (Disability-Adjusted Life Years)','Puerto Rico',Rate,0.440614,2017,0.422369,0.435071
0,'DALYs (Disability-Adjusted Life Years)','Republic of Moldova',Rate,0.548136,2019,0.528285,0.544866
0,'DALYs (Disability-Adjusted Life Years)',Iraq,Rate,0.248043,2017,0.252873,0.232156
0,'DALYs (Disability-Adjusted Life Years)','Bosnia and Herzegovina',Rate,0.78747,2018,0.77979,0.763383
0,'DALYs (Disability-Adjusted Life Years)','Costa Rica',Rate,0.307643,2018,0.290288,0.306988
0,'DALYs (Disability-Adjusted Life Years)',Zimbabwe,Rate,0.167882,2018,0.189806,0.131005
0,'DALYs (Disability-Adjusted Life Years)',Rwanda,Rate,0.264861,2017,0.28449,0.241081
0,'DALYs (Disability-Adjusted Life Years)',Samoa,Rate,0.121505,2017,0.138963,0.100327
0,'DALYs (Disability-Adjusted Life Years)',Finland,Rate,0.617168,2019,0.599224,0.591185
0,'DALYs (Disability-Adjusted Life Years)',Jamaica,Rate,0.447906,2018,0.43574,0.443048
0,'DALYs (Disability-Adjusted Life Years)',Andorra,Rate,0.627208,2017,0.632954,0.588494
0,'DALYs (Disability-Adjusted Life Years)',Haiti,Rate,0.241749,2017,0.261099,0.212261
0,'DALYs (Disability-Adjusted Life Years)',Israel,Rate,0.350048,2017,0.335946,0.340146
0,'DALYs (Disability-Adjusted Life Years)',Chile,Rate,0.413388,2017,0.392393,0.410571
0,'DALYs (Disability-Adjusted Life Years)','United Arab Emirates',Rate,0.026296,2019,0.027313,0.023954
0,'DALYs (Disability-Adjusted Life Years)',Andorra,Rate,0.652774,2019,0.660291,0.614143
0,'DALYs (Disability-Adjusted Life Years)',Norway,Rate,0.547434,2019,0.531821,0.527877
0,'DALYs (Disability-Adjusted Life Years)',Gabon,Rate,0.263365,2018,0.285795,0.229404
0,'DALYs (Disability-Adjusted Life Years)',Philippines,Rate,0.206316,2017,0.198334,0.204167
0,'DALYs (Disability-Adjusted Life Years)',Argentina,Rate,0.474579,2018,0.449688,0.477486
0,'DALYs (Disability-Adjusted Life Years)','Papua New Guinea',Rate,0.179611,2019,0.19147,0.155183
0,'DALYs (Disability-Adjusted Life Years)',Haiti,Rate,0.263395,2019,0.286356,0.230776
0,'DALYs (Disability-Adjusted Life Years)','El Salvador',Rate,0.298993,2017,0.29757,0.292548
0,'DALYs (Disability-Adjusted Life Years)','Russian Federation',Rate,0.653442,2018,0.621765,0.655901
0,'DALYs (Disability-Adjusted Life Years)',Norway,Rate,0.56307,2017,0.547302,0.542069
0,'DALYs (Disability-Adjusted Life Years)',Portugal,Rate,0.740506,2018,0.718918,0.712642
0,'DALYs (Disability-Adjusted Life Years)',Samoa,Rate,0.128805,2019,0.147419,0.106284
0,'DALYs (Disability-Adjusted Life Years)',Armenia,Rate,0.519196,2018,0.499198,0.515892
0,'DALYs (Disability-Adjusted Life Years)','Central African Republic',Rate,0.136809,2017,0.159377,0.099734
0,'DALYs (Disability-Adjusted Life Years)','South Sudan',Rate,0.326671,2017,0.355995,0.287282
0,'DALYs (Disability-Adjusted Life Years)',Mongolia,Rate,0.483352,2018,0.477166,0.464115
0,'DALYs (Disability-Adjusted Life Years)',Algeria,Rate,0.143025,2018,0.164864,0.115949
0,'DALYs (Disability-Adjusted Life Years)',Finland,Rate,0.618691,2017,0.601989,0.591715
0,'DALYs (Disability-Adjusted Life Years)',Oman,Rate,0.059286,2017,0.057643,0.053967
0,'DALYs (Disability-Adjusted Life Years)',Tajikistan,Rate,0.115925,2017,0.129671,0.1086
0,'DALYs (Disability-Adjusted Life Years)',Jordan,Rate,0.157335,2018,0.153015,0.151376
0,'DALYs (Disability-Adjusted Life Years)',Montenegro,Rate,0.677167,2019,0.681675,0.633585
0,'DALYs (Disability-Adjusted Life Years)',Bangladesh,Rate,0.228621,2017,0.238245,0.210506
0,'DALYs (Disability-Adjusted Life Years)','Republic of Korea',Rate,0.463137,2018,0.466014,0.436748
0,'DALYs (Disability-Adjusted Life Years)',Chad,Rate,0.117452,2017,0.134939,0.097619
0,'DALYs (Disability-Adjusted Life Years)','Sierra Leone',Rate,0.159184,2017,0.16709,0.143661
0,'DALYs (Disability-Adjusted Life Years)',Kuwait,Rate,0.06908,2017,0.06012,0.070952
0,'DALYs (Disability-Adjusted Life Years)',Ukraine,Rate,0.602053,2017,0.575089,0.607152
0,'DALYs (Disability-Adjusted Life Years)',Belgium,Rate,0.695838,2017,0.676491,0.66813
0,'DALYs (Disability-Adjusted Life Years)',Oman,Rate,0.054306,2019,0.05408,0.048319
0,'DALYs (Disability-Adjusted Life Years)',Cambodia,Rate,0.159282,2017,0.167784,0.143097
0,'DALYs (Disability-Adjusted Life Years)',Bermuda,Rate,0.60108,2017,0.584123,0.577916
0,'DALYs (Disability-Adjusted Life Years)',Luxembourg,Rate,0.489452,2019,0.474928,0.477276
0,'DALYs (Disability-Adjusted Life Years)',Singapore,Rate,0.28688,2017,0.273568,0.283615
0,'DALYs (Disability-Adjusted Life Years)',Kenya,Rate,0.208493,2017,0.220556,0.182922
0,'DALYs (Disability-Adjusted Life Years)',Turkmenistan,Rate,0.23109,2017,0.219857,0.229416
0,'DALYs (Disability-Adjusted Life Years)',Chile,Rate,0.417442,2019,0.396077,0.414817
0,'DALYs (Disability-Adjusted Life Years)',Philippines,Rate,0.204969,2019,0.199596,0.201872
0,'DALYs (Disability-Adjusted Life Years)',Yemen,Rate,0.07783,2018,0.092665,0.053994
0,'DALYs (Disability-Adjusted Life Years)',Bangladesh,Rate,0.251723,2019,0.266682,0.23341
0,'DALYs (Disability-Adjusted Life Years)',Myanmar,Rate,0.266474,2018,0.28487,0.235296
0,'DALYs (Disability-Adjusted Life Years)',Turkmenistan,Rate,0.237776,2019,0.230473,0.231746
0,'DALYs (Disability-Adjusted Life Years)',Croatia,Rate,0.918555,2018,0.880861,0.913731
0,'DALYs (Disability-Adjusted Life Years)','Dominican Republic',Rate,0.25791,2019,0.254154,0.235867
0,'DALYs (Disability-Adjusted Life Years)','Saudi Arabia',Rate,0.085071,2018,0.09993,0.077057
0,'DALYs (Disability-Adjusted Life Years)',Mali,Rate,0.196323,2018,0.20593,0.176832
0,'DALYs (Disability-Adjusted Life Years)',Belarus,Rate,0.636749,2018,0.610474,0.639176
0,'DALYs (Disability-Adjusted Life Years)',Tonga,Rate,0.315505,2017,0.339133,0.281824
0,'DALYs (Disability-Adjusted Life Years)','El Salvador',Rate,0.318207,2019,0.320781,0.309108
0,'DALYs (Disability-Adjusted Life Years)',Niue,Rate,0.422003,2017,0.444596,0.384055
0,'DALYs (Disability-Adjusted Life Years)',Bulgaria,Rate,0.826489,2019,0.793776,0.824836
0,'DALYs (Disability-Adjusted Life Years)',Nauru,Rate,0.429549,2018,0.48929,0.368993
0,'DALYs (Disability-Adjusted Life Years)',Fiji,Rate,0.314162,2018,0.31981,0.29488
0,'DALYs (Disability-Adjusted Life Years)','Saint Lucia',Rate,0.39347,2017,0.384978,0.385157
0,'DALYs (Disability-Adjusted Life Years)',Benin,Rate,0.100383,2018,0.107142,0.0807
0,'DALYs (Disability-Adjusted Life Years)','Saint Kitts and Nevis',Rate,0.396689,2018,0.386368,0.388852
0,'DALYs (Disability-Adjusted Life Years)',Angola,Rate,0.156046,2018,0.167137,0.134639
0,'DALYs (Disability-Adjusted Life Years)',Seychelles,Rate,0.446288,2018,0.445995,0.42736
0,'DALYs (Disability-Adjusted Life Years)',Thailand,Rate,0.552467,2017,0.574397,0.531344
0,'DALYs (Disability-Adjusted Life Years)',Tajikistan,Rate,0.122949,2019,0.140621,0.113578
0,'DALYs (Disability-Adjusted Life Years)',Dominica,Rate,0.527403,2018,0.535189,0.500654
0,'DALYs (Disability-Adjusted Life Years)',Peru,Rate,0.251905,2017,0.239968,0.246526
0,'DALYs (Disability-Adjusted Life Years)',Belgium,Rate,0.661028,2019,0.644548,0.632546
0,'DALYs (Disability-Adjusted Life Years)',Botswana,Rate,0.16356,2017,0.197837,0.123692
0,'DALYs (Disability-Adjusted Life Years)','San Marino',Rate,0.490658,2017,0.505591,0.445671
0,'DALYs (Disability-Adjusted Life Years)','Cook Islands',Rate,0.568352,2018,0.601932,0.518077
0,'DALYs (Disability-Adjusted Life Years)',Germany,Rate,0.788025,2019,0.760381,0.764341
0,'DALYs (Disability-Adjusted Life Years)','Venezuela (Bolivarian Republic of)',Rate,0.325153,2018,0.3084,0.324764
0,'DALYs (Disability-Adjusted Life Years)',Poland,Rate,0.854539,2018,0.819665,0.846908
0,'DALYs (Disability-Adjusted Life Years)',Romania,Rate,0.81086,2017,0.776695,0.818409
0,'DALYs (Disability-Adjusted Life Years)',Italy,Rate,0.736019,2018,0.721863,0.699417
0,'DALYs (Disability-Adjusted Life Years)',Bulgaria,Rate,0.81316,2017,0.78346,0.814286
0,'DALYs (Disability-Adjusted Life Years)',Liberia,Rate,0.176873,2017,0.195008,0.144698
0,'DALYs (Disability-Adjusted Life Years)',Cambodia,Rate,0.167455,2019,0.180789,0.151165
0,'DALYs (Disability-Adjusted Life Years)','Côte dIvoire',Rate,0.158887,2018,0.175799,0.135347
0,'DALYs (Disability-Adjusted Life Years)',Kiribati,Rate,0.156928,2017,0.176678,0.123489
0,'DALYs (Disability-Adjusted Life Years)',Austria,Rate,0.639488,2018,0.615952,0.622838
0,'DALYs (Disability-Adjusted Life Years)',Bhutan,Rate,0.21184,2018,0.225931,0.187867
0,'DALYs (Disability-Adjusted Life Years)',Ecuador,Rate,0.226049,2018,0.210302,0.228678
0,'DALYs (Disability-Adjusted Life Years)','Democratic Peoples Republic of Korea',Rate,0.437683,2017,0.480499,0.389839
0,'DALYs (Disability-Adjusted Life Years)',Comoros,Rate,0.092692,2017,0.093787,0.08393
0,'DALYs (Disability-Adjusted Life Years)',France,Rate,0.716802,2018,0.69754,0.688537
0,'DALYs (Disability-Adjusted Life Years)','Solomon Islands',Rate,0.284019,2018,0.303809,0.250416
0,'DALYs (Disability-Adjusted Life Years)',Spain,Rate,0.632841,2019,0.613099,0.607436
0,'DALYs (Disability-Adjusted Life Years)',Uzbekistan,Rate,0.192433,2018,0.177399,0.196172
0,'DALYs (Disability-Adjusted Life Years)',Denmark,Rate,0.772005,2017,0.747207,0.746126
0,'DALYs (Disability-Adjusted Life Years)',Spain,Rate,0.632885,2017,0.613,0.609105
0,'DALYs (Disability-Adjusted Life Years)',Bahrain,Rate,0.118348,2019,0.117039,0.107788
0,'DALYs (Disability-Adjusted Life Years)',Bahrain,Rate,0.114113,2017,0.113684,0.107253
0,'DALYs (Disability-Adjusted Life Years)',Estonia,Rate,0.755471,2017,0.725145,0.749242
0,'DALYs (Disability-Adjusted Life Years)',Honduras,Rate,0.108638,2017,0.110165,0.096633
0,'DALYs (Disability-Adjusted Life Years)','Antigua and Barbuda',Rate,0.373011,2017,0.363999,0.369031
0,'DALYs (Disability-Adjusted Life Years)',Ukraine,Rate,0.605817,2019,0.581368,0.606132
0,'DALYs (Disability-Adjusted Life Years)','Bolivia (Plurinational State of)',Rate,0.402264,2019,0.415179,0.377916
0,'DALYs (Disability-Adjusted Life Years)',Uruguay,Rate,0.761412,2018,0.732357,0.755058
0,'DALYs (Disability-Adjusted Life Years)',Kuwait,Rate,0.070113,2019,0.061502,0.072526
0,'DALYs (Disability-Adjusted Life Years)','Saint Lucia',Rate,0.399989,2019,0.39192,0.39284
0,'DALYs (Disability-Adjusted Life Years)',Qatar,Rate,0.000437,2018,0.000303,0
0,'DALYs (Disability-Adjusted Life Years)',Luxembourg,Rate,0.513273,2017,0.49789,0.499637
0,'DALYs (Disability-Adjusted Life Years)','Dominican Republic',Rate,0.238345,2017,0.233511,0.218842
0,'DALYs (Disability-Adjusted Life Years)',Somalia,Rate,0.120801,2017,0.139975,0.09312
0,'DALYs (Disability-Adjusted Life Years)',Madagascar,Rate,0.247798,2018,0.259501,0.22976
0,'DALYs (Disability-Adjusted Life Years)',China,Rate,0.478122,2018,0.477268,0.46523
0,'DALYs (Disability-Adjusted Life Years)',Azerbaijan,Rate,0.344522,2019,0.363805,0.319731
0,'DALYs (Disability-Adjusted Life Years)',Singapore,Rate,0.286203,2019,0.272117,0.280516
0,'DALYs (Disability-Adjusted Life Years)',Azerbaijan,Rate,0.313021,2017,0.332379,0.288099
0,'DALYs (Disability-Adjusted Life Years)',Guatemala,Rate,0.181821,2018,0.169271,0.184673
0,'DALYs (Disability-Adjusted Life Years)','South Africa',Rate,0.337282,2017,0.358986,0.303923
0,'DALYs (Disability-Adjusted Life Years)',Lesotho,Rate,0.219704,2018,0.266161,0.176508
0,'DALYs (Disability-Adjusted Life Years)',Greece,Rate,0.770348,2017,0.745335,0.747474
0,'DALYs (Disability-Adjusted Life Years)',Iceland,Rate,0.489664,2018,0.478538,0.470489
0,'DALYs (Disability-Adjusted Life Years)',Sweden,Rate,0.581542,2018,0.565181,0.556517
0,'DALYs (Disability-Adjusted Life Years)',Egypt,Rate,0.17549,2018,0.175932,0.159322
0,'DALYs (Disability-Adjusted Life Years)',Tonga,Rate,0.32769,2019,0.352999,0.291667
0,'DALYs (Disability-Adjusted Life Years)',Romania,Rate,0.79126,2019,0.758123,0.794972
0,'DALYs (Disability-Adjusted Life Years)',Estonia,Rate,0.733152,2019,0.705117,0.722554
0,'DALYs (Disability-Adjusted Life Years)',Senegal,Rate,0.090678,2018,0.096582,0.079727
0,'DALYs (Disability-Adjusted Life Years)',Indonesia,Rate,0.262026,2018,0.273976,0.244
0,'DALYs (Disability-Adjusted Life Years)',Germany,Rate,0.789007,2017,0.760624,0.76812
0,'DALYs (Disability-Adjusted Life Years)',Kiribati,Rate,0.160889,2019,0.181358,0.128011
0,'DALYs (Disability-Adjusted Life Years)',Burundi,Rate,0.213529,2018,0.228413,0.186573
0,'DALYs (Disability-Adjusted Life Years)',Netherlands,Rate,0.777046,2017,0.750307,0.748357
0,'DALYs (Disability-Adjusted Life Years)',Australia,Rate,0.502163,2017,0.484502,0.483786
0,'DALYs (Disability-Adjusted Life Years)',Malawi,Rate,0.311114,2017,0.355989,0.252061
0,'DALYs (Disability-Adjusted Life Years)',Thailand,Rate,0.579481,2019,0.607373,0.558263
0,'DALYs (Disability-Adjusted Life Years)',Libya,Rate,0.242084,2017,0.256957,0.21139
0,'DALYs (Disability-Adjusted Life Years)',Lebanon,Rate,0.308905,2018,0.307715,0.2932
0,'DALYs (Disability-Adjusted Life Years)',Gambia,Rate,0.06414,2017,0.079154,0.050371
0,'DALYs (Disability-Adjusted Life Years)',Congo,Rate,0.15847,2018,0.177158,0.134165
0,'DALYs (Disability-Adjusted Life Years)',Niger,Rate,0.11075,2018,0.138017,0.086972
0,'DALYs (Disability-Adjusted Life Years)','Democratic Peoples Republic of Korea',Rate,0.466246,2019,0.508864,0.407495
0,'DALYs (Disability-Adjusted Life Years)',Georgia,Rate,0.772352,2018,0.749099,0.762045
0,'DALYs (Disability-Adjusted Life Years)',Grenada,Rate,0.492626,2018,0.485963,0.477452
0,'DALYs (Disability-Adjusted Life Years)',Tokelau,Rate,0.232906,2018,0.241682,0.214066
0,'DALYs (Disability-Adjusted Life Years)',Greenland,Rate,0.883943,2017,0.885932,0.845431
0,'DALYs (Disability-Adjusted Life Years)','Lao Peoples Democratic Republic',Rate,0.218807,2017,0.231127,0.194163
0,'DALYs (Disability-Adjusted Life Years)',Denmark,Rate,0.767611,2019,0.744755,0.745512
0,'DALYs (Disability-Adjusted Life Years)',Bahamas,Rate,0.496935,2018,0.479245,0.493333
0,'DALYs (Disability-Adjusted Life Years)',Paraguay,Rate,0.322169,2019,0.312216,0.298399
0,'DALYs (Disability-Adjusted Life Years)','United States of America',Rate,0.552888,2017,0.533968,0.536958
0,'DALYs (Disability-Adjusted Life Years)',Sudan,Rate,0.161004,2018,0.183903,0.122968
0,'DALYs (Disability-Adjusted Life Years)',Latvia,Rate,0.813759,2018,0.780812,0.805299
0,'DALYs (Disability-Adjusted Life Years)',Guyana,Rate,0.237814,2019,0.231001,0.234853
0,'DALYs (Disability-Adjusted Life Years)',Albania,Rate,0.463816,2018,0.473608,0.436867
0,'DALYs (Disability-Adjusted Life Years)',Slovenia,Rate,0.782709,2017,0.758811,0.760905
0,'DALYs (Disability-Adjusted Life Years)',Tunisia,Rate,0.373598,2018,0.378049,0.359569
0,'DALYs (Disability-Adjusted Life Years)','Democratic Republic of the Congo',Rate,0.214658,2017,0.248754,0.156167
0,'DALYs (Disability-Adjusted Life Years)',Armenia,Rate,0.533277,2017,0.515614,0.529309
0,'DALYs (Disability-Adjusted Life Years)',Vanuatu,Rate,0.123135,2018,0.131746,0.107572
0,'DALYs (Disability-Adjusted Life Years)',Israel,Rate,0.345521,2018,0.332277,0.334292
0,'DALYs (Disability-Adjusted Life Years)',Guam,Rate,0.403914,2018,0.393298,0.39727
0,'DALYs (Disability-Adjusted Life Years)','Costa Rica',Rate,0.30252,2017,0.286176,0.3024
0,'DALYs (Disability-Adjusted Life Years)',Palau,Rate,0.642826,2017,0.663079,0.599697
0,'DALYs (Disability-Adjusted Life Years)','New Zealand',Rate,0.541692,2018,0.525392,0.520793
0,'DALYs (Disability-Adjusted Life Years)',Tuvalu,Rate,0.441523,2017,0.484336,0.383962
0,'DALYs (Disability-Adjusted Life Years)',India,Rate,0.171031,2017,0.172074,0.164817
0,'DALYs (Disability-Adjusted Life Years)',Mexico,Rate,0.221436,2018,0.204735,0.226984
0,'DALYs (Disability-Adjusted Life Years)',Honduras,Rate,0.113004,2019,0.115488,0.100514
0,'DALYs (Disability-Adjusted Life Years)','Sri Lanka',Rate,0.231937,2018,0.224513,0.220136
0,'DALYs (Disability-Adjusted Life Years)','Burkina Faso',Rate,0.082177,2017,0.083701,0.075218
0,'DALYs (Disability-Adjusted Life Years)',Nepal,Rate,0.11193,2018,0.117599,0.100966
0,'DALYs (Disability-Adjusted Life Years)',Mauritania,Rate,0.163091,2017,0.184024,0.132145
0,'DALYs (Disability-Adjusted Life Years)',Czechia,Rate,0.76342,2017,0.729312,0.759572
0,'DALYs (Disability-Adjusted Life Years)',Japan,Rate,0.747435,2017,0.73859,0.692019
0,'DALYs (Disability-Adjusted Life Years)',Brazil,Rate,0.357643,2018,0.335627,0.35703
0,'DALYs (Disability-Adjusted Life Years)',Greece,Rate,0.758876,2019,0.733767,0.734776
0,'DALYs (Disability-Adjusted Life Years)','Marshall Islands',Rate,0.327342,2018,0.357684,0.287401
0,'DALYs (Disability-Adjusted Life Years)','Northern Mariana Islands',Rate,0.482178,2018,0.495088,0.448104
0,'DALYs (Disability-Adjusted Life Years)',Ghana,Rate,0.125829,2018,0.128604,0.111266
0,'DALYs (Disability-Adjusted Life Years)',Hungary,Rate,0.985911,2018,0.942279,0.983453
0,'DALYs (Disability-Adjusted Life Years)',Uganda,Rate,0.29568,2017,0.315546,0.259061
0,'DALYs (Disability-Adjusted Life Years)',Czechia,Rate,0.763708,2019,0.72857,0.761494
0,'DALYs (Disability-Adjusted Life Years)','American Samoa',Rate,0.351246,2017,0.365038,0.325288
0,'DALYs (Disability-Adjusted Life Years)',Guyana,Rate,0.24084,2017,0.231104,0.236762
0,'DALYs (Disability-Adjusted Life Years)',Mozambique,Rate,0.077922,2017,0.079683,0.067005
0,'DALYs (Disability-Adjusted Life Years)',France,Rate,0.726005,2017,0.704706,0.699955
0,'DALYs (Disability-Adjusted Life Years)',India,Rate,0.177689,2019,0.178089,0.17132
0,'DALYs (Disability-Adjusted Life Years)',Barbados,Rate,0.633316,2017,0.623391,0.619301
0,'DALYs (Disability-Adjusted Life Years)','Micronesia (Federated States of)',Rate,0.30854,2017,0.31428,0.287875
0,'DALYs (Disability-Adjusted Life Years)',Serbia,Rate,0.883578,2018,0.859298,0.858017
0,'DALYs (Disability-Adjusted Life Years)',Zimbabwe,Rate,0.166682,2017,0.193002,0.130221
0,'DALYs (Disability-Adjusted Life Years)',Malta,Rate,0.512478,2018,0.501335,0.488964
0,'DALYs (Disability-Adjusted Life Years)','Viet Nam',Rate,0.32772,2017,0.340989,0.301638
0,'DALYs (Disability-Adjusted Life Years)',Paraguay,Rate,0.300056,2017,0.289456,0.280023
0,'DALYs (Disability-Adjusted Life Years)','United States of America',Rate,0.538926,2019,0.521553,0.523626
0,'DALYs (Disability-Adjusted Life Years)','Bosnia and Herzegovina',Rate,0.778865,2017,0.768494,0.761503
0,'DALYs (Disability-Adjusted Life Years)',Slovenia,Rate,0.756124,2019,0.733537,0.733043
0,'DALYs (Disability-Adjusted Life Years)',Gabon,Rate,0.264863,2017,0.286819,0.229265
0,'DALYs (Disability-Adjusted Life Years)',Canada,Rate,0.594694,2018,0.572545,0.578499
0,'DALYs (Disability-Adjusted Life Years)','Lao Peoples Democratic Republic',Rate,0.237427,2019,0.253929,0.213764
0,'DALYs (Disability-Adjusted Life Years)',Cyprus,Rate,0.472109,2018,0.475911,0.441259
0,'DALYs (Disability-Adjusted Life Years)',Peru,Rate,0.279879,2019,0.268187,0.267796
0,'DALYs (Disability-Adjusted Life Years)','Iran (Islamic Republic of)',Rate,0.232339,2019,0.233701,0.222167
0,'DALYs (Disability-Adjusted Life Years)','Antigua and Barbuda',Rate,0.38023,2019,0.370887,0.371329
0,'DALYs (Disability-Adjusted Life Years)',Ireland,Rate,0.491253,2017,0.474535,0.478932
0,'DALYs (Disability-Adjusted Life Years)',Australia,Rate,0.506753,2019,0.490197,0.487403
0,'DALYs (Disability-Adjusted Life Years)',Switzerland,Rate,0.546742,2017,0.532669,0.520501
0,'DALYs (Disability-Adjusted Life Years)','Saint Vincent and the Grenadines',Rate,0.510406,2018,0.499848,0.497804
0,'DALYs (Disability-Adjusted Life Years)','United Republic of Tanzania',Rate,0.173613,2018,0.19403,0.15059
0,'DALYs (Disability-Adjusted Life Years)',Netherlands,Rate,0.757982,2019,0.736734,0.727241
0,'DALYs (Disability-Adjusted Life Years)','Taiwan (Province of China)',Rate,0.66746,2018,0.64009,0.660562
0,'DALYs (Disability-Adjusted Life Years)',Suriname,Rate,0.339479,2017,0.338314,0.321899
0,'DALYs (Disability-Adjusted Life Years)','Brunei Darussalam',Rate,0.311564,2018,0.305829,0.295197
0,'DALYs (Disability-Adjusted Life Years)',Libya,Rate,0.258745,2019,0.277714,0.222236
0,'DALYs (Disability-Adjusted Life Years)',Switzerland,Rate,0.534794,2019,0.520704,0.506326
0,'DALYs (Disability-Adjusted Life Years)',Mauritius,Rate,0.337309,2018,0.322057,0.337646
0,'DALYs (Disability-Adjusted Life Years)',Namibia,Rate,0.218692,2018,0.23296,0.168382
0,'DALYs (Disability-Adjusted Life Years)','Micronesia (Federated States of)',Rate,0.309763,2019,0.318026,0.287447
0,'DALYs (Disability-Adjusted Life Years)',Eritrea,Rate,0.337475,2017,0.363512,0.305854
0,'DALYs (Disability-Adjusted Life Years)',Colombia,Rate,0.277293,2018,0.258548,0.278511
0,'DALYs (Disability-Adjusted Life Years)',Portugal,Rate,0.728097,2017,0.705188,0.706661
0,'DALYs (Disability-Adjusted Life Years)',Guinea,Rate,0.141062,2017,0.156795,0.119479
0,'DALYs (Disability-Adjusted Life Years)',Maldives,Rate,0.086469,2018,0.083123,0.08348
0,'DALYs (Disability-Adjusted Life Years)',Iraq,Rate,0.256189,2018,0.262311,0.241474
0,'DALYs (Disability-Adjusted Life Years)','Republic of Korea',Rate,0.452473,2017,0.453225,0.426865
0,'DALYs (Disability-Adjusted Life Years)',Kyrgyzstan,Rate,0.177643,2018,0.165471,0.179159
0,'DALYs (Disability-Adjusted Life Years)',Guatemala,Rate,0.183395,2017,0.171443,0.185699
0,'DALYs (Disability-Adjusted Life Years)',Lithuania,Rate,0.843068,2019,0.805779,0.838747
0,'DALYs (Disability-Adjusted Life Years)',Slovakia,Rate,0.770008,2018,0.759132,0.758709
0,'DALYs (Disability-Adjusted Life Years)',Morocco,Rate,0.19651,2018,0.227278,0.162046
0,'DALYs (Disability-Adjusted Life Years)',Cameroon,Rate,0.156957,2019,0.163282,0.139534
0,'DALYs (Disability-Adjusted Life Years)','Iran (Islamic Republic of)',Rate,0.222628,2017,0.224845,0.214941
0,'DALYs (Disability-Adjusted Life Years)','Costa Rica',Rate,0.306926,2019,0.289689,0.305909
0,'DALYs (Disability-Adjusted Life Years)',Haiti,Rate,0.253129,2018,0.273198,0.221406
0,'DALYs (Disability-Adjusted Life Years)',Zambia,Rate,0.214124,2019,0.236466,0.187716
0,'DALYs (Disability-Adjusted Life Years)',Guinea-Bissau,Rate,0.132007,2017,0.150492,0.107222
0,'DALYs (Disability-Adjusted Life Years)','Bosnia and Herzegovina',Rate,0.809474,2019,0.800286,0.781828
0,'DALYs (Disability-Adjusted Life Years)','North Macedonia',Rate,0.706429,2017,0.690091,0.6847
0,'DALYs (Disability-Adjusted Life Years)',Palestine,Rate,0.119927,2017,0.11448,0.114189
0,'DALYs (Disability-Adjusted Life Years)','Republic of Korea',Rate,0.460253,2019,0.469095,0.430057
0,'DALYs (Disability-Adjusted Life Years)',Togo,Rate,0.133325,2018,0.144895,0.11456
0,'DALYs (Disability-Adjusted Life Years)',Samoa,Rate,0.124485,2018,0.142962,0.102611
0,'DALYs (Disability-Adjusted Life Years)',Luxembourg,Rate,0.500943,2018,0.484916,0.486504
0,'DALYs (Disability-Adjusted Life Years)',Pakistan,Rate,0.224678,2017,0.232054,0.210278
0,'DALYs (Disability-Adjusted Life Years)',Djibouti,Rate,0.252934,2018,0.276005,0.21663
0,'DALYs (Disability-Adjusted Life Years)','United Arab Emirates',Rate,0.024004,2018,0.024701,0.022116
0,'DALYs (Disability-Adjusted Life Years)',Belarus,Rate,0.619759,2017,0.592578,0.621455
0,'DALYs (Disability-Adjusted Life Years)',France,Rate,0.707947,2019,0.687201,0.679537
0,'DALYs (Disability-Adjusted Life Years)','Papua New Guinea',Rate,0.16904,2018,0.181155,0.143546
0,'DALYs (Disability-Adjusted Life Years)',Sudan,Rate,0.159608,2017,0.185229,0.123354
0,'DALYs (Disability-Adjusted Life Years)',Lithuania,Rate,0.833917,2017,0.796698,0.833625
0,'DALYs (Disability-Adjusted Life Years)',Jamaica,Rate,0.456254,2019,0.446588,0.446109
0,'DALYs (Disability-Adjusted Life Years)',Kazakhstan,Rate,0.299276,2019,0.284142,0.299384
0,'DALYs (Disability-Adjusted Life Years)',Armenia,Rate,0.530678,2019,0.510667,0.525533
0,'DALYs (Disability-Adjusted Life Years)',Malaysia,Rate,0.245843,2019,0.235668,0.241523
0,'DALYs (Disability-Adjusted Life Years)','North Macedonia',Rate,0.768721,2019,0.750238,0.742237
0,'DALYs (Disability-Adjusted Life Years)','Cabo Verde',Rate,0.253076,2017,0.269237,0.226264
0,'DALYs (Disability-Adjusted Life Years)','Saint Kitts and Nevis',Rate,0.390351,2017,0.37987,0.383749
0,'DALYs (Disability-Adjusted Life Years)','Republic of Moldova',Rate,0.56746,2018,0.547808,0.562193
0,'DALYs (Disability-Adjusted Life Years)',Afghanistan,Rate,0.068536,2017,0.081926,0.040452
0,'DALYs (Disability-Adjusted Life Years)','Sao Tome and Principe',Rate,0.191689,2018,0.21486,0.167043
0,'DALYs (Disability-Adjusted Life Years)',Andorra,Rate,0.642659,2018,0.650693,0.608216
0,'DALYs (Disability-Adjusted Life Years)',Cuba,Rate,0.633342,2017,0.606441,0.630849
0,'DALYs (Disability-Adjusted Life Years)',Suriname,Rate,0.350102,2019,0.344692,0.33147
0,'DALYs (Disability-Adjusted Life Years)','Equatorial Guinea',Rate,0.179816,2018,0.206397,0.133111
0,'DALYs (Disability-Adjusted Life Years)',Bulgaria,Rate,0.811652,2018,0.78021,0.809292
0,'DALYs (Disability-Adjusted Life Years)',Malaysia,Rate,0.245575,2017,0.238861,0.24185
0,'DALYs (Disability-Adjusted Life Years)','Syrian Arab Republic',Rate,0.12357,2019,0.126769,0.109266
0,'DALYs (Disability-Adjusted Life Years)',Liberia,Rate,0.186566,2018,0.20419,0.150597
0,'DALYs (Disability-Adjusted Life Years)','United Kingdom',Rate,0.668426,2018,0.644456,0.648938
0,'DALYs (Disability-Adjusted Life Years)',Seychelles,Rate,0.453594,2017,0.451432,0.435562
0,'DALYs (Disability-Adjusted Life Years)',Belarus,Rate,0.651674,2019,0.624908,0.650444
0,'DALYs (Disability-Adjusted Life Years)',Nigeria,Rate,0.133666,2017,0.147012,0.110153
0,'DALYs (Disability-Adjusted Life Years)','Syrian Arab Republic',Rate,0.107004,2017,0.106826,0.096869
0,'DALYs (Disability-Adjusted Life Years)',Argentina,Rate,0.482936,2017,0.458104,0.486115
0,'DALYs (Disability-Adjusted Life Years)',Nicaragua,Rate,0.181029,2017,0.182799,0.177636
0,'DALYs (Disability-Adjusted Life Years)','Puerto Rico',Rate,0.436185,2018,0.417837,0.429415
0,'DALYs (Disability-Adjusted Life Years)',Croatia,Rate,0.919479,2017,0.883363,0.9153
0,'DALYs (Disability-Adjusted Life Years)',Jamaica,Rate,0.437779,2017,0.421228,0.434586
0,'DALYs (Disability-Adjusted Life Years)',Chile,Rate,0.414485,2018,0.393093,0.410464
0,'DALYs (Disability-Adjusted Life Years)',Belize,Rate,0.197367,2018,0.186151,0.196917
0,'DALYs (Disability-Adjusted Life Years)',Algeria,Rate,0.148733,2019,0.171913,0.118932
0,'DALYs (Disability-Adjusted Life Years)',Pakistan,Rate,0.232062,2019,0.238877,0.214821
0,'DALYs (Disability-Adjusted Life Years)',Montenegro,Rate,0.719351,2018,0.726525,0.675034
0,'DALYs (Disability-Adjusted Life Years)',Benin,Rate,0.102569,2017,0.109486,0.081751
0,'DALYs (Disability-Adjusted Life Years)',Kazakhstan,Rate,0.309048,2017,0.295561,0.30314
0,'DALYs (Disability-Adjusted Life Years)',Timor-Leste,Rate,0.160725,2018,0.174167,0.138403
0,'DALYs (Disability-Adjusted Life Years)',Bermuda,Rate,0.622773,2018,0.607734,0.597822
0,'DALYs (Disability-Adjusted Life Years)',Angola,Rate,0.157149,2017,0.167218,0.133643
0,'DALYs (Disability-Adjusted Life Years)','Cook Islands',Rate,0.549254,2017,0.575077,0.501185
0,'DALYs (Disability-Adjusted Life Years)','United States Virgin Islands',Rate,0.545813,2018,0.543274,0.526366
0,'DALYs (Disability-Adjusted Life Years)',Afghanistan,Rate,0.072461,2019,0.083023,0.04783
0,'DALYs (Disability-Adjusted Life Years)',Jordan,Rate,0.160356,2019,0.156868,0.153801
0,'DALYs (Disability-Adjusted Life Years)',Cameroon,Rate,0.153129,2018,0.159355,0.137005
0,'DALYs (Disability-Adjusted Life Years)',Finland,Rate,0.616251,2018,0.599639,0.592386
0,'DALYs (Disability-Adjusted Life Years)',Japan,Rate,0.753087,2019,0.748773,0.69473
0,'DALYs (Disability-Adjusted Life Years)',Kuwait,Rate,0.069623,2018,0.060837,0.071577
0,'DALYs (Disability-Adjusted Life Years)','United States Virgin Islands',Rate,0.557382,2019,0.556742,0.538463
0,'DALYs (Disability-Adjusted Life Years)',Mauritius,Rate,0.339389,2019,0.323601,0.340155
0,'DALYs (Disability-Adjusted Life Years)',Barbados,Rate,0.666627,2019,0.651423,0.654534
0,'DALYs (Disability-Adjusted Life Years)','South Sudan',Rate,0.347003,2018,0.373876,0.302687
0,'DALYs (Disability-Adjusted Life Years)',Niue,Rate,0.425611,2018,0.448871,0.388132
0,'DALYs (Disability-Adjusted Life Years)',Ethiopia,Rate,0.347722,2019,0.383455,0.313069
0,'DALYs (Disability-Adjusted Life Years)',Mexico,Rate,0.216784,2017,0.201078,0.221405
0,'DALYs (Disability-Adjusted Life Years)',Philippines,Rate,0.204787,2018,0.19776,0.202774
0,'DALYs (Disability-Adjusted Life Years)',Algeria,Rate,0.137277,2017,0.156656,0.112696
0,'DALYs (Disability-Adjusted Life Years)',Guatemala,Rate,0.176121,2019,0.16337,0.179206
0,'DALYs (Disability-Adjusted Life Years)',Indonesia,Rate,0.253153,2017,0.265604,0.236622
0,'DALYs (Disability-Adjusted Life Years)',Fiji,Rate,0.309012,2017,0.314185,0.291674
0,'DALYs (Disability-Adjusted Life Years)',Mali,Rate,0.191559,2017,0.199451,0.171215
0,'DALYs (Disability-Adjusted Life Years)',Indonesia,Rate,0.270588,2019,0.285954,0.250076
0,'DALYs (Disability-Adjusted Life Years)',Ethiopia,Rate,0.336424,2018,0.364504,0.303596
0,'DALYs (Disability-Adjusted Life Years)',Mongolia,Rate,0.45965,2019,0.455054,0.444716
0,'DALYs (Disability-Adjusted Life Years)','Russian Federation',Rate,0.644292,2019,0.612509,0.645851
0,'DALYs (Disability-Adjusted Life Years)',Zambia,Rate,0.212057,2018,0.23267,0.186238
0,'DALYs (Disability-Adjusted Life Years)','Equatorial Guinea',Rate,0.18188,2019,0.212672,0.12874
0,'DALYs (Disability-Adjusted Life Years)',Norway,Rate,0.558765,2018,0.542745,0.538476
0,'DALYs (Disability-Adjusted Life Years)','Sao Tome and Principe',Rate,0.197434,2019,0.225314,0.169695
0,'DALYs (Disability-Adjusted Life Years)','Solomon Islands',Rate,0.279777,2017,0.297233,0.247811
0,'DALYs (Disability-Adjusted Life Years)',Tonga,Rate,0.321106,2018,0.343959,0.286532
0,'DALYs (Disability-Adjusted Life Years)',Italy,Rate,0.747346,2017,0.732694,0.709013
0,'DALYs (Disability-Adjusted Life Years)',Ireland,Rate,0.48939,2019,0.471904,0.472334
0,'DALYs (Disability-Adjusted Life Years)','Viet Nam',Rate,0.35132,2019,0.362637,0.323955
0,'DALYs (Disability-Adjusted Life Years)',Botswana,Rate,0.182599,2019,0.217982,0.14037
0,'DALYs (Disability-Adjusted Life Years)','San Marino',Rate,0.484149,2018,0.50151,0.438909
0,'DALYs (Disability-Adjusted Life Years)',Poland,Rate,0.846488,2017,0.810443,0.839346
0,'DALYs (Disability-Adjusted Life Years)','Russian Federation',Rate,0.653583,2017,0.62212,0.656488
0,'DALYs (Disability-Adjusted Life Years)','Central African Republic',Rate,0.142112,2019,0.165675,0.102807
0,'DALYs (Disability-Adjusted Life Years)',Sweden,Rate,0.593585,2017,0.575864,0.568604
0,'DALYs (Disability-Adjusted Life Years)',Latvia,Rate,0.822735,2017,0.786931,0.821413
0,'DALYs (Disability-Adjusted Life Years)',Kenya,Rate,0.213821,2018,0.226481,0.19296
0,'DALYs (Disability-Adjusted Life Years)','Trinidad and Tobago',Rate,0.444424,2018,0.428843,0.437514
0,'DALYs (Disability-Adjusted Life Years)',Oman,Rate,0.055834,2018,0.054589,0.050615
0,'DALYs (Disability-Adjusted Life Years)',Lesotho,Rate,0.219375,2017,0.266279,0.177002
0,'DALYs (Disability-Adjusted Life Years)',Palestine,Rate,0.120906,2019,0.114165,0.116462
0,'DALYs (Disability-Adjusted Life Years)',Tajikistan,Rate,0.116047,2018,0.130513,0.107875
0,'DALYs (Disability-Adjusted Life Years)',Madagascar,Rate,0.241313,2017,0.253164,0.220426
0,'DALYs (Disability-Adjusted Life Years)',Burundi,Rate,0.207746,2017,0.220398,0.184994
0,'DALYs (Disability-Adjusted Life Years)','Sierra Leone',Rate,0.162334,2018,0.173739,0.144903
0,'DALYs (Disability-Adjusted Life Years)',Tokelau,Rate,0.233172,2017,0.239954,0.212709
0,'DALYs (Disability-Adjusted Life Years)',Chad,Rate,0.118326,2019,0.134933,0.097409
0,'DALYs (Disability-Adjusted Life Years)',Azerbaijan,Rate,0.319975,2018,0.339554,0.294357
0,'DALYs (Disability-Adjusted Life Years)',Argentina,Rate,0.467873,2019,0.443343,0.469993
0,'DALYs (Disability-Adjusted Life Years)','El Salvador',Rate,0.305815,2018,0.305814,0.2981
0,'DALYs (Disability-Adjusted Life Years)',Jordan,Rate,0.156754,2017,0.151528,0.150975
0,'DALYs (Disability-Adjusted Life Years)',Cambodia,Rate,0.16288,2018,0.172416,0.146656
0,'DALYs (Disability-Adjusted Life Years)',Rwanda,Rate,0.274153,2018,0.297476,0.249867
0,'DALYs (Disability-Adjusted Life Years)',Myanmar,Rate,0.259241,2017,0.278773,0.23052
0,'DALYs (Disability-Adjusted Life Years)',Portugal,Rate,0.745269,2019,0.725927,0.71438
0,'DALYs (Disability-Adjusted Life Years)',Egypt,Rate,0.17085,2019,0.171857,0.157843
0,'DALYs (Disability-Adjusted Life Years)',Nicaragua,Rate,0.203149,2019,0.206168,0.196177
0,'DALYs (Disability-Adjusted Life Years)',Mauritania,Rate,0.163469,2018,0.182671,0.131935
0,'DALYs (Disability-Adjusted Life Years)',Eswatini,Rate,0.315603,2018,0.41679,0.225346
0,'DALYs (Disability-Adjusted Life Years)',Denmark,Rate,0.751064,2020,0.726673,0.725604
0,'DALYs (Disability-Adjusted Life Years)',Ukraine,Rate,0.598354,2018,0.572693,0.602171
0,'DALYs (Disability-Adjusted Life Years)','Saudi Arabia',Rate,0.087531,2019,0.104863,0.079118
0,'DALYs (Disability-Adjusted Life Years)',Latvia,Rate,0.821169,2019,0.788604,0.815039
0,'DALYs (Disability-Adjusted Life Years)',Bangladesh,Rate,0.238586,2018,0.248975,0.221915
0,'DALYs (Disability-Adjusted Life Years)',Cuba,Rate,0.647639,2019,0.619712,0.646032
0,'DALYs (Disability-Adjusted Life Years)',Slovenia,Rate,0.748409,2020,0.72006,0.734899
0,'DALYs (Disability-Adjusted Life Years)','Venezuela (Bolivarian Republic of)',Rate,0.308491,2017,0.289176,0.311788
0,'DALYs (Disability-Adjusted Life Years)',Bahamas,Rate,0.486429,2017,0.469147,0.481875
0,'DALYs (Disability-Adjusted Life Years)',Croatia,Rate,0.908053,2019,0.870161,0.899386
0,'DALYs (Disability-Adjusted Life Years)','Côte dIvoire',Rate,0.153729,2017,0.167445,0.130361
0,'DALYs (Disability-Adjusted Life Years)','Saudi Arabia',Rate,0.086429,2017,0.099185,0.077716
0,'DALYs (Disability-Adjusted Life Years)',Mozambique,Rate,0.083473,2020,0.092302,0.068506
0,'DALYs (Disability-Adjusted Life Years)',Angola,Rate,0.159233,2019,0.175596,0.137465
0,'DALYs (Disability-Adjusted Life Years)',Thailand,Rate,0.551518,2018,0.577299,0.52959
0,'DALYs (Disability-Adjusted Life Years)',Myanmar,Rate,0.278411,2019,0.299009,0.248057
0,'DALYs (Disability-Adjusted Life Years)',Turkmenistan,Rate,0.23401,2018,0.224243,0.232498
0,'DALYs (Disability-Adjusted Life Years)',Japan,Rate,0.747128,2020,0.74578,0.686461
0,'DALYs (Disability-Adjusted Life Years)',Mongolia,Rate,0.494122,2017,0.494785,0.477856
0,'DALYs (Disability-Adjusted Life Years)','Central African Republic',Rate,0.137409,2018,0.163545,0.099395
0,'DALYs (Disability-Adjusted Life Years)',Kenya,Rate,0.217374,2019,0.233159,0.196969
0,'DALYs (Disability-Adjusted Life Years)',Guinea-Bissau,Rate,0.1449,2020,0.161237,0.118917
0,'DALYs (Disability-Adjusted Life Years)',Palestine,Rate,0.115508,2020,0.108616,0.112425
0,'DALYs (Disability-Adjusted Life Years)',Georgia,Rate,0.814592,2017,0.791833,0.80738
0,'DALYs (Disability-Adjusted Life Years)',Poland,Rate,0.843844,2019,0.809487,0.835022
0,'DALYs (Disability-Adjusted Life Years)','United States of America',Rate,0.549824,2020,0.529786,0.539091
0,'DALYs (Disability-Adjusted Life Years)',Bhutan,Rate,0.204436,2017,0.220303,0.178817
0,'DALYs (Disability-Adjusted Life Years)',Egypt,Rate,0.17695,2017,0.177225,0.159871
0,'DALYs (Disability-Adjusted Life Years)',Türkiye,Rate,0.369192,2019,0.364717,0.338988
0,'DALYs (Disability-Adjusted Life Years)','Solomon Islands',Rate,0.29522,2019,0.315643,0.266843
0,'DALYs (Disability-Adjusted Life Years)',Dominica,Rate,0.540715,2019,0.548466,0.51055
0,'DALYs (Disability-Adjusted Life Years)',Greenland,Rate,0.888664,2018,0.893488,0.850917
0,'DALYs (Disability-Adjusted Life Years)','Viet Nam',Rate,0.3616,2020,0.376439,0.334109
0,'DALYs (Disability-Adjusted Life Years)',Uruguay,Rate,0.752542,2017,0.72189,0.748322
0,'DALYs (Disability-Adjusted Life Years)',Congo,Rate,0.156246,2017,0.171072,0.132195
0,'DALYs (Disability-Adjusted Life Years)',Türkiye,Rate,0.366855,2017,0.35812,0.336553
0,'DALYs (Disability-Adjusted Life Years)',Afghanistan,Rate,0.078705,2020,0.089456,0.053639
0,'DALYs (Disability-Adjusted Life Years)',Uzbekistan,Rate,0.19571,2017,0.180721,0.199185
0,'DALYs (Disability-Adjusted Life Years)','Bosnia and Herzegovina',Rate,0.803846,2020,0.794578,0.782514
0,'DALYs (Disability-Adjusted Life Years)','Saint Lucia',Rate,0.396338,2018,0.387504,0.387116
0,'DALYs (Disability-Adjusted Life Years)',Austria,Rate,0.639376,2017,0.615315,0.620477
0,'DALYs (Disability-Adjusted Life Years)',Barbados,Rate,0.697285,2020,0.680226,0.683442
0,'DALYs (Disability-Adjusted Life Years)',Armenia,Rate,0.512106,2020,0.488702,0.512114
0,'DALYs (Disability-Adjusted Life Years)',Nauru,Rate,0.417996,2017,0.479667,0.359962
0,'DALYs (Disability-Adjusted Life Years)',Romania,Rate,0.80982,2018,0.774457,0.815467
0,'DALYs (Disability-Adjusted Life Years)',Dominica,Rate,0.523609,2017,0.529829,0.495684
0,'DALYs (Disability-Adjusted Life Years)',Guam,Rate,0.376359,2017,0.365695,0.370896
0,'DALYs (Disability-Adjusted Life Years)','Dominican Republic',Rate,0.247436,2018,0.243592,0.227076
0,'DALYs (Disability-Adjusted Life Years)','Micronesia (Federated States of)',Rate,0.314921,2020,0.325832,0.288664
0,'DALYs (Disability-Adjusted Life Years)',Jamaica,Rate,0.46909,2020,0.459776,0.45778
0,'DALYs (Disability-Adjusted Life Years)',Qatar,Rate,0.001086,2017,0.001176,0.000788
0,'DALYs (Disability-Adjusted Life Years)',Rwanda,Rate,0.287006,2019,0.308687,0.264126
0,'DALYs (Disability-Adjusted Life Years)',Mexico,Rate,0.224461,2019,0.207372,0.229415
0,'DALYs (Disability-Adjusted Life Years)','Costa Rica',Rate,0.297121,2020,0.278957,0.298019
0,'DALYs (Disability-Adjusted Life Years)',Chad,Rate,0.117341,2018,0.135777,0.096196
0,'DALYs (Disability-Adjusted Life Years)',Austria,Rate,0.629785,2019,0.609558,0.610894
0,'DALYs (Disability-Adjusted Life Years)','North Macedonia',Rate,0.76757,2020,0.745377,0.743067
0,'DALYs (Disability-Adjusted Life Years)',Eswatini,Rate,0.322928,2019,0.425063,0.229375
0,'DALYs (Disability-Adjusted Life Years)',Singapore,Rate,0.286068,2018,0.271851,0.282036
0,'DALYs (Disability-Adjusted Life Years)',Lithuania,Rate,0.82824,2020,0.791061,0.827861
0,'DALYs (Disability-Adjusted Life Years)',Malta,Rate,0.512464,2017,0.502531,0.492277
0,'DALYs (Disability-Adjusted Life Years)',Panama,Rate,0.274747,2018,0.259168,0.275109
0,'DALYs (Disability-Adjusted Life Years)','Sierra Leone',Rate,0.170047,2019,0.183119,0.15081
0,'DALYs (Disability-Adjusted Life Years)',Malaysia,Rate,0.245584,2020,0.238068,0.240241
0,'DALYs (Disability-Adjusted Life Years)',Iceland,Rate,0.482542,2019,0.470385,0.461019
0,'DALYs (Disability-Adjusted Life Years)',Iceland,Rate,0.500707,2017,0.487988,0.482343
0,'DALYs (Disability-Adjusted Life Years)','Marshall Islands',Rate,0.314135,2017,0.345131,0.274592
0,'DALYs (Disability-Adjusted Life Years)',Belarus,Rate,0.657377,2020,0.634385,0.652692
0,'DALYs (Disability-Adjusted Life Years)',Iraq,Rate,0.300724,2021,0.30594,0.280408
0,'DALYs (Disability-Adjusted Life Years)',Zimbabwe,Rate,0.166395,2020,0.186367,0.136999
0,'DALYs (Disability-Adjusted Life Years)',Bhutan,Rate,0.219935,2019,0.238892,0.195542
0,'DALYs (Disability-Adjusted Life Years)',Gabon,Rate,0.276284,2020,0.296663,0.244482
0,'DALYs (Disability-Adjusted Life Years)','Republic of Korea',Rate,0.472837,2020,0.481227,0.446834
0,'DALYs (Disability-Adjusted Life Years)',Israel,Rate,0.332866,2021,0.318307,0.323927
0,'DALYs (Disability-Adjusted Life Years)',Ecuador,Rate,0.217468,2017,0.201864,0.220002
0,'DALYs (Disability-Adjusted Life Years)',Malawi,Rate,0.323703,2018,0.367535,0.259534
0,'DALYs (Disability-Adjusted Life Years)',Germany,Rate,0.795839,2018,0.767485,0.773207
0,'DALYs (Disability-Adjusted Life Years)',Nicaragua,Rate,0.206169,2020,0.209422,0.201245
0,'DALYs (Disability-Adjusted Life Years)','Democratic Republic of the Congo',Rate,0.233191,2019,0.271872,0.171796
0,'DALYs (Disability-Adjusted Life Years)','Puerto Rico',Rate,0.447237,2019,0.430236,0.437951
0,'DALYs (Disability-Adjusted Life Years)',Nigeria,Rate,0.134672,2020,0.148176,0.111001
0,'DALYs (Disability-Adjusted Life Years)',Botswana,Rate,0.173064,2018,0.208444,0.132223
0,'DALYs (Disability-Adjusted Life Years)',Libya,Rate,0.248593,2018,0.266742,0.215191
0,'DALYs (Disability-Adjusted Life Years)',Niger,Rate,0.116711,2017,0.143996,0.092061
0,'DALYs (Disability-Adjusted Life Years)',Fiji,Rate,0.316695,2019,0.322837,0.296671
0,'DALYs (Disability-Adjusted Life Years)','Antigua and Barbuda',Rate,0.380405,2018,0.37015,0.371516
0,'DALYs (Disability-Adjusted Life Years)','Saint Vincent and the Grenadines',Rate,0.491024,2017,0.487807,0.478479
0,'DALYs (Disability-Adjusted Life Years)',Bermuda,Rate,0.650135,2019,0.632026,0.62526
0,'DALYs (Disability-Adjusted Life Years)',Qatar,Rate,0.001779,2019,0.002326,0.001277
0,'DALYs (Disability-Adjusted Life Years)',Djibouti,Rate,0.255181,2017,0.278138,0.226886
0,'DALYs (Disability-Adjusted Life Years)',Georgia,Rate,0.737697,2019,0.714556,0.726504
0,'DALYs (Disability-Adjusted Life Years)',Eritrea,Rate,0.365501,2020,0.392478,0.326042
0,'DALYs (Disability-Adjusted Life Years)','Lao Peoples Democratic Republic',Rate,0.227168,2018,0.24294,0.202961
0,'DALYs (Disability-Adjusted Life Years)',Andorra,Rate,0.679145,2021,0.683082,0.633212
0,'DALYs (Disability-Adjusted Life Years)',Kyrgyzstan,Rate,0.131302,2021,0.118471,0.135911
0,'DALYs (Disability-Adjusted Life Years)','Sao Tome and Principe',Rate,0.222375,2021,0.269988,0.15501
0,'DALYs (Disability-Adjusted Life Years)',Italy,Rate,0.735142,2019,0.721327,0.695393
0,'DALYs (Disability-Adjusted Life Years)',Maldives,Rate,0.081092,2021,0.076749,0.078338
0,'DALYs (Disability-Adjusted Life Years)',Portugal,Rate,0.748556,2020,0.724325,0.725467
0,'DALYs (Disability-Adjusted Life Years)',China,Rate,0.453616,2019,0.451959,0.441704
0,'DALYs (Disability-Adjusted Life Years)','South Africa',Rate,0.319456,2019,0.340762,0.284091
0,'DALYs (Disability-Adjusted Life Years)',Spain,Rate,0.639951,2018,0.619734,0.614792
0,'DALYs (Disability-Adjusted Life Years)',Senegal,Rate,0.093931,2017,0.097072,0.083761
0,'DALYs (Disability-Adjusted Life Years)',Tuvalu,Rate,0.445981,2018,0.488126,0.388919
0,'DALYs (Disability-Adjusted Life Years)',Nepal,Rate,0.109656,2017,0.115439,0.101044
0,'DALYs (Disability-Adjusted Life Years)','Sri Lanka',Rate,0.227626,2019,0.219511,0.215549
0,'DALYs (Disability-Adjusted Life Years)','Papua New Guinea',Rate,0.184585,2021,0.194417,0.154977
0,'DALYs (Disability-Adjusted Life Years)','South Sudan',Rate,0.359323,2019,0.385758,0.311498
0,'DALYs (Disability-Adjusted Life Years)','Venezuela (Bolivarian Republic of)',Rate,0.360499,2019,0.346902,0.355718
0,'DALYs (Disability-Adjusted Life Years)',Kiribati,Rate,0.16565,2018,0.184719,0.131274
0,'DALYs (Disability-Adjusted Life Years)',Guatemala,Rate,0.173507,2020,0.159541,0.177148
0,'DALYs (Disability-Adjusted Life Years)',Niue,Rate,0.420715,2019,0.445587,0.381126
0,'DALYs (Disability-Adjusted Life Years)','United Arab Emirates',Rate,0.020393,2021,0.02333,0.01834
0,'DALYs (Disability-Adjusted Life Years)','Democratic Republic of the Congo',Rate,0.224807,2018,0.262493,0.165409
0,'DALYs (Disability-Adjusted Life Years)',Bahrain,Rate,0.114245,2018,0.113578,0.106462
0,'DALYs (Disability-Adjusted Life Years)',Samoa,Rate,0.146361,2021,0.167009,0.119947
0,'DALYs (Disability-Adjusted Life Years)','American Samoa',Rate,0.391515,2020,0.404396,0.358678
0,'DALYs (Disability-Adjusted Life Years)','Bolivia (Plurinational State of)',Rate,0.391575,2018,0.407148,0.366726
0,'DALYs (Disability-Adjusted Life Years)',Serbia,Rate,0.888846,2019,0.868388,0.868334
0,'DALYs (Disability-Adjusted Life Years)',Belize,Rate,0.213391,2021,0.203719,0.21173
0,'DALYs (Disability-Adjusted Life Years)','Saint Kitts and Nevis',Rate,0.427524,2020,0.415692,0.420581
0,'DALYs (Disability-Adjusted Life Years)',Uzbekistan,Rate,0.189773,2019,0.175346,0.194301
0,'DALYs (Disability-Adjusted Life Years)',Ireland,Rate,0.481289,2020,0.464241,0.469416
0,'DALYs (Disability-Adjusted Life Years)',Croatia,Rate,0.895299,2020,0.857454,0.889342
0,'DALYs (Disability-Adjusted Life Years)',Seychelles,Rate,0.444876,2020,0.449177,0.429326
0,'DALYs (Disability-Adjusted Life Years)',Cuba,Rate,0.669738,2020,0.6401,0.668922
0,'DALYs (Disability-Adjusted Life Years)',Yemen,Rate,0.080905,2019,0.09576,0.056679
0,'DALYs (Disability-Adjusted Life Years)','Trinidad and Tobago',Rate,0.545007,2021,0.531841,0.539555
0,'DALYs (Disability-Adjusted Life Years)',Benin,Rate,0.110221,2020,0.121368,0.088749
0,'DALYs (Disability-Adjusted Life Years)',Malawi,Rate,0.331207,2019,0.377307,0.265004
0,'DALYs (Disability-Adjusted Life Years)',Cyprus,Rate,0.484746,2019,0.491472,0.455481
0,'DALYs (Disability-Adjusted Life Years)',Algeria,Rate,0.145883,2020,0.165434,0.117995
0,'DALYs (Disability-Adjusted Life Years)','American Samoa',Rate,0.370714,2019,0.382784,0.343923
0,'DALYs (Disability-Adjusted Life Years)',Fiji,Rate,0.322083,2020,0.331119,0.304575
0,'DALYs (Disability-Adjusted Life Years)',France,Rate,0.691599,2020,0.668659,0.666964
0,'DALYs (Disability-Adjusted Life Years)','Saudi Arabia',Rate,0.093073,2020,0.110839,0.085661
0,'DALYs (Disability-Adjusted Life Years)','Republic of Moldova',Rate,0.471579,2021,0.446905,0.478636
0,'DALYs (Disability-Adjusted Life Years)',Comoros,Rate,0.087178,2018,0.088849,0.080348
0,'DALYs (Disability-Adjusted Life Years)','Sri Lanka',Rate,0.229089,2017,0.221085,0.217878
0,'DALYs (Disability-Adjusted Life Years)',Somalia,Rate,0.12105,2018,0.137811,0.09668
0,'DALYs (Disability-Adjusted Life Years)',Grenada,Rate,0.505871,2019,0.501462,0.493375
0,'DALYs (Disability-Adjusted Life Years)',Vanuatu,Rate,0.124606,2019,0.134878,0.108475
0,'DALYs (Disability-Adjusted Life Years)',Mali,Rate,0.193567,2020,0.211651,0.17278
0,'DALYs (Disability-Adjusted Life Years)',Congo,Rate,0.167602,2019,0.190489,0.14084
0,'DALYs (Disability-Adjusted Life Years)',Mongolia,Rate,0.448174,2020,0.447313,0.435373
0,'DALYs (Disability-Adjusted Life Years)','Syrian Arab Republic',Rate,0.114821,2018,0.115977,0.10342
0,'DALYs (Disability-Adjusted Life Years)','Russian Federation',Rate,0.639508,2020,0.606889,0.643721
0,'DALYs (Disability-Adjusted Life Years)',Yemen,Rate,0.079688,2017,0.094689,0.054866
0,'DALYs (Disability-Adjusted Life Years)',Senegal,Rate,0.096896,2020,0.098092,0.086287
0,'DALYs (Disability-Adjusted Life Years)',Estonia,Rate,0.751874,2018,0.725194,0.742733
0,'DALYs (Disability-Adjusted Life Years)','Saint Vincent and the Grenadines',Rate,0.525634,2019,0.512951,0.514754
0,'DALYs (Disability-Adjusted Life Years)',Nepal,Rate,0.116367,2019,0.122316,0.104699
0,'DALYs (Disability-Adjusted Life Years)',Kenya,Rate,0.257556,2021,0.271671,0.232049
0,'DALYs (Disability-Adjusted Life Years)',Gambia,Rate,0.071758,2019,0.08456,0.055669
0,'DALYs (Disability-Adjusted Life Years)',Liberia,Rate,0.201433,2019,0.227314,0.16225
0,'DALYs (Disability-Adjusted Life Years)',India,Rate,0.173973,2018,0.175594,0.166961
0,'DALYs (Disability-Adjusted Life Years)',Ecuador,Rate,0.242087,2019,0.225892,0.244
0,'DALYs (Disability-Adjusted Life Years)',Panama,Rate,0.247909,2021,0.233517,0.249812
0,'DALYs (Disability-Adjusted Life Years)','Venezuela (Bolivarian Republic of)',Rate,0.40027,2020,0.388685,0.391069
0,'DALYs (Disability-Adjusted Life Years)',Türkiye,Rate,0.386081,2020,0.382505,0.352955
0,'DALYs (Disability-Adjusted Life Years)',Honduras,Rate,0.110537,2018,0.113048,0.099892
0,'DALYs (Disability-Adjusted Life Years)',Colombia,Rate,0.267232,2021,0.248128,0.272529
0,'DALYs (Disability-Adjusted Life Years)','Equatorial Guinea',Rate,0.218865,2021,0.255001,0.16455
0,'DALYs (Disability-Adjusted Life Years)',Chile,Rate,0.391238,2021,0.368189,0.390669
0,'DALYs (Disability-Adjusted Life Years)',Sweden,Rate,0.56758,2019,0.551808,0.542161
0,'DALYs (Disability-Adjusted Life Years)',Zambia,Rate,0.246161,2021,0.268369,0.217472
0,'DALYs (Disability-Adjusted Life Years)',Uruguay,Rate,0.757542,2019,0.7269,0.750627
0,'DALYs (Disability-Adjusted Life Years)',Myanmar,Rate,0.295657,2020,0.314814,0.267086
0,'DALYs (Disability-Adjusted Life Years)',Albania,Rate,0.539888,2021,0.55154,0.518271
0,'DALYs (Disability-Adjusted Life Years)',Indonesia,Rate,0.290194,2020,0.306994,0.266406
0,'DALYs (Disability-Adjusted Life Years)',Niue,Rate,0.38159,2021,0.418079,0.331383
0,'DALYs (Disability-Adjusted Life Years)','United Republic of Tanzania',Rate,0.182168,2017,0.204563,0.159043
0,'DALYs (Disability-Adjusted Life Years)','Taiwan (Province of China)',Rate,0.705751,2021,0.679361,0.691444
0,'DALYs (Disability-Adjusted Life Years)',Comoros,Rate,0.088758,2019,0.089439,0.08198
0,'DALYs (Disability-Adjusted Life Years)',Lebanon,Rate,0.398845,2019,0.397265,0.384416
0,'DALYs (Disability-Adjusted Life Years)','Cabo Verde',Rate,0.26604,2020,0.292772,0.23522
0,'DALYs (Disability-Adjusted Life Years)',Norway,Rate,0.514512,2021,0.502683,0.49459
0,'DALYs (Disability-Adjusted Life Years)',Lebanon,Rate,0.271884,2017,0.269339,0.259628
0,'DALYs (Disability-Adjusted Life Years)','Marshall Islands',Rate,0.341163,2019,0.372383,0.296647
0,'DALYs (Disability-Adjusted Life Years)',Poland,Rate,0.836313,2020,0.798818,0.832353
0,'DALYs (Disability-Adjusted Life Years)',Brazil,Rate,0.353473,2017,0.332867,0.352779
0,'DALYs (Disability-Adjusted Life Years)',Qatar,Rate,0,2020,0,0.000372
0,'DALYs (Disability-Adjusted Life Years)',Burundi,Rate,0.219849,2020,0.240766,0.190905
0,'DALYs (Disability-Adjusted Life Years)',Switzerland,Rate,0.543941,2018,0.529313,0.518891
0,'DALYs (Disability-Adjusted Life Years)',Haiti,Rate,0.294313,2021,0.316362,0.253564
0,'DALYs (Disability-Adjusted Life Years)',Bhutan,Rate,0.23256,2020,0.255041,0.205485
0,'DALYs (Disability-Adjusted Life Years)',Belgium,Rate,0.680506,2018,0.66257,0.654008
0,'DALYs (Disability-Adjusted Life Years)',Malta,Rate,0.50527,2019,0.494335,0.485249
0,'DALYs (Disability-Adjusted Life Years)',Finland,Rate,0.634939,2021,0.618393,0.606239
0,'DALYs (Disability-Adjusted Life Years)','Central African Republic',Rate,0.148353,2021,0.178261,0.106343
0,'DALYs (Disability-Adjusted Life Years)',Zimbabwe,Rate,0.168242,2019,0.189817,0.132184
0,'DALYs (Disability-Adjusted Life Years)',Argentina,Rate,0.443139,2020,0.419448,0.44605
0,'DALYs (Disability-Adjusted Life Years)','Saint Vincent and the Grenadines',Rate,0.528049,2020,0.51945,0.515564
0,'DALYs (Disability-Adjusted Life Years)',Togo,Rate,0.127665,2017,0.140682,0.110867
0,'DALYs (Disability-Adjusted Life Years)',Montenegro,Rate,0.711309,2021,0.71318,0.666285
0,'DALYs (Disability-Adjusted Life Years)',Greenland,Rate,0.884076,2019,0.895051,0.847085
0,'DALYs (Disability-Adjusted Life Years)',Czechia,Rate,0.761179,2018,0.726257,0.75862
0,'DALYs (Disability-Adjusted Life Years)',Iceland,Rate,0.468049,2020,0.45718,0.450002
0,'DALYs (Disability-Adjusted Life Years)',Latvia,Rate,0.805672,2020,0.771279,0.80312
0,'DALYs (Disability-Adjusted Life Years)',Luxembourg,Rate,0.448122,2021,0.435797,0.439406
0,'DALYs (Disability-Adjusted Life Years)','South Sudan',Rate,0.354915,2021,0.388075,0.313213
0,'DALYs (Disability-Adjusted Life Years)',Tonga,Rate,0.396565,2021,0.434442,0.352497
0,'DALYs (Disability-Adjusted Life Years)',Jordan,Rate,0.165309,2020,0.160972,0.160585
0,'DALYs (Disability-Adjusted Life Years)',Georgia,Rate,0.727004,2020,0.699278,0.722305
0,'DALYs (Disability-Adjusted Life Years)','San Marino',Rate,0.492828,2019,0.509674,0.454936
0,'DALYs (Disability-Adjusted Life Years)',Greece,Rate,0.756092,2018,0.729725,0.730008
0,'DALYs (Disability-Adjusted Life Years)',Somalia,Rate,0.123298,2019,0.1388,0.098221
0,'DALYs (Disability-Adjusted Life Years)',Oman,Rate,0.061891,2021,0.062418,0.054138
0,'DALYs (Disability-Adjusted Life Years)',Bangladesh,Rate,0.28391,2021,0.294412,0.260912
0,'DALYs (Disability-Adjusted Life Years)',Mexico,Rate,0.226034,2020,0.208096,0.232216
0,'DALYs (Disability-Adjusted Life Years)',Egypt,Rate,0.169426,2020,0.168657,0.157412
0,'DALYs (Disability-Adjusted Life Years)',Sudan,Rate,0.182243,2020,0.210144,0.144064
0,'DALYs (Disability-Adjusted Life Years)',Guinea-Bissau,Rate,0.147554,2019,0.164032,0.118267
0,'DALYs (Disability-Adjusted Life Years)','Bolivia (Plurinational State of)',Rate,0.48377,2021,0.492993,0.460326
0,'DALYs (Disability-Adjusted Life Years)',Tajikistan,Rate,0.131078,2021,0.145153,0.116973
0,'DALYs (Disability-Adjusted Life Years)',Mozambique,Rate,0.083412,2019,0.088458,0.072391
0,'DALYs (Disability-Adjusted Life Years)',Turkmenistan,Rate,0.257309,2021,0.254438,0.245925
0,'DALYs (Disability-Adjusted Life Years)',Tunisia,Rate,0.355513,2020,0.362172,0.340811
0,'DALYs (Disability-Adjusted Life Years)',Palau,Rate,0.671014,2019,0.691546,0.62946
0,'DALYs (Disability-Adjusted Life Years)',Ethiopia,Rate,0.357149,2021,0.391639,0.324757
0,'DALYs (Disability-Adjusted Life Years)',China,Rate,0.44146,2020,0.437175,0.43238
0,'DALYs (Disability-Adjusted Life Years)',Ukraine,Rate,0.60113,2021,0.574586,0.6021
0,'DALYs (Disability-Adjusted Life Years)',Bahamas,Rate,0.533975,2019,0.516008,0.527705
0,'DALYs (Disability-Adjusted Life Years)',Gambia,Rate,0.063081,2018,0.077297,0.047444
0,'DALYs (Disability-Adjusted Life Years)',Dominica,Rate,0.569028,2020,0.581593,0.537285
0,'DALYs (Disability-Adjusted Life Years)',Angola,Rate,0.163511,2020,0.180575,0.141525
0,'DALYs (Disability-Adjusted Life Years)',Eswatini,Rate,0.359827,2021,0.452317,0.27281
0,'DALYs (Disability-Adjusted Life Years)',Austria,Rate,0.63174,2020,0.610075,0.6146
0,'DALYs (Disability-Adjusted Life Years)',Sweden,Rate,0.559214,2020,0.544035,0.537914
0,'DALYs (Disability-Adjusted Life Years)',Bahamas,Rate,0.560745,2020,0.542902,0.554907
0,'DALYs (Disability-Adjusted Life Years)',Malawi,Rate,0.397087,2021,0.456347,0.333263
0,'DALYs (Disability-Adjusted Life Years)','Marshall Islands',Rate,0.365567,2020,0.402556,0.320944
0,'DALYs (Disability-Adjusted Life Years)','Puerto Rico',Rate,0.437341,2021,0.420417,0.430268
0,'DALYs (Disability-Adjusted Life Years)',Bermuda,Rate,0.732732,2021,0.720836,0.709318
0,'DALYs (Disability-Adjusted Life Years)',Brazil,Rate,0.364373,2019,0.343316,0.363339
0,'DALYs (Disability-Adjusted Life Years)',Niger,Rate,0.117277,2020,0.145499,0.091776
0,'DALYs (Disability-Adjusted Life Years)',Netherlands,Rate,0.77196,2018,0.750199,0.741836
0,'DALYs (Disability-Adjusted Life Years)',Philippines,Rate,0.231591,2021,0.22518,0.228223
0,'DALYs (Disability-Adjusted Life Years)',Togo,Rate,0.145181,2020,0.15772,0.124027
0,'DALYs (Disability-Adjusted Life Years)','Burkina Faso',Rate,0.078606,2019,0.079439,0.071366
0,'DALYs (Disability-Adjusted Life Years)',Italy,Rate,0.73928,2020,0.721777,0.70682
0,'DALYs (Disability-Adjusted Life Years)',Madagascar,Rate,0.250493,2020,0.263328,0.233991
0,'DALYs (Disability-Adjusted Life Years)','Burkina Faso',Rate,0.079816,2018,0.081119,0.072977
0,'DALYs (Disability-Adjusted Life Years)',Yemen,Rate,0.086348,2020,0.097791,0.059665
0,'DALYs (Disability-Adjusted Life Years)',Rwanda,Rate,0.31862,2021,0.335824,0.288582
0,'DALYs (Disability-Adjusted Life Years)',Benin,Rate,0.104477,2019,0.113856,0.084059
0,'DALYs (Disability-Adjusted Life Years)','Solomon Islands',Rate,0.306945,2020,0.329339,0.275819
0,'DALYs (Disability-Adjusted Life Years)',Maldives,Rate,0.087746,2020,0.084625,0.083562
0,'DALYs (Disability-Adjusted Life Years)','Saint Lucia',Rate,0.455939,2021,0.451246,0.439202
0,'DALYs (Disability-Adjusted Life Years)',Nepal,Rate,0.123371,2020,0.132407,0.112511
0,'DALYs (Disability-Adjusted Life Years)',Kuwait,Rate,0.062015,2021,0.052919,0.064438
0,'DALYs (Disability-Adjusted Life Years)',Kiribati,Rate,0.18075,2021,0.207884,0.146238
0,'DALYs (Disability-Adjusted Life Years)',Brazil,Rate,0.359417,2020,0.336696,0.360025
0,'DALYs (Disability-Adjusted Life Years)',Lebanon,Rate,0.496885,2020,0.490892,0.48289
0,'DALYs (Disability-Adjusted Life Years)',Hungary,Rate,0.950069,2020,0.904587,0.951957
0,'DALYs (Disability-Adjusted Life Years)',Tokelau,Rate,0.187803,2020,0.205,0.165308
0,'DALYs (Disability-Adjusted Life Years)',Djibouti,Rate,0.25947,2020,0.287828,0.22551
0,'DALYs (Disability-Adjusted Life Years)',Ecuador,Rate,0.234987,2020,0.217302,0.241026
0,'DALYs (Disability-Adjusted Life Years)',Peru,Rate,0.270612,2018,0.258838,0.26033
0,'DALYs (Disability-Adjusted Life Years)',Guinea,Rate,0.150798,2019,0.168308,0.128167
0,'DALYs (Disability-Adjusted Life Years)',Botswana,Rate,0.21741,2021,0.24695,0.179587
0,'DALYs (Disability-Adjusted Life Years)','Cook Islands',Rate,0.59897,2020,0.632835,0.549242
0,'DALYs (Disability-Adjusted Life Years)',Gabon,Rate,0.268539,2019,0.292753,0.236549
0,'DALYs (Disability-Adjusted Life Years)',Lesotho,Rate,0.213715,2020,0.259348,0.172175
0,'DALYs (Disability-Adjusted Life Years)','Cook Islands',Rate,0.581539,2019,0.615762,0.529737
0,'DALYs (Disability-Adjusted Life Years)',Azerbaijan,Rate,0.357125,2021,0.376102,0.334399
0,'DALYs (Disability-Adjusted Life Years)','United Kingdom',Rate,0.657936,2019,0.634089,0.637088
0,'DALYs (Disability-Adjusted Life Years)','Trinidad and Tobago',Rate,0.482699,2020,0.470836,0.4759
0,'DALYs (Disability-Adjusted Life Years)',Cambodia,Rate,0.166864,2021,0.173209,0.151523
0,'DALYs (Disability-Adjusted Life Years)',Chad,Rate,0.117526,2021,0.138705,0.097013
0,'DALYs (Disability-Adjusted Life Years)',Liberia,Rate,0.247257,2021,0.281708,0.202218
0,'DALYs (Disability-Adjusted Life Years)','El Salvador',Rate,0.358169,2021,0.365755,0.341424
0,'DALYs (Disability-Adjusted Life Years)',Singapore,Rate,0.293085,2021,0.279545,0.286928
0,'DALYs (Disability-Adjusted Life Years)',Spain,Rate,0.615445,2021,0.594836,0.591891
0,'DALYs (Disability-Adjusted Life Years)','Dominican Republic',Rate,0.2946,2021,0.291601,0.26941
0,'DALYs (Disability-Adjusted Life Years)',Nauru,Rate,0.475834,2020,0.536473,0.405212
0,'DALYs (Disability-Adjusted Life Years)',Uzbekistan,Rate,0.189899,2020,0.175495,0.194488
0,'DALYs (Disability-Adjusted Life Years)',Bulgaria,Rate,0.824619,2021,0.78742,0.825929
0,'DALYs (Disability-Adjusted Life Years)','Democratic Republic of the Congo',Rate,0.251167,2021,0.28122,0.189939
0,'DALYs (Disability-Adjusted Life Years)',Mauritania,Rate,0.178929,2019,0.199379,0.14518
0,'DALYs (Disability-Adjusted Life Years)','Sri Lanka',Rate,0.220873,2020,0.215259,0.209916
0,'DALYs (Disability-Adjusted Life Years)',Palau,Rate,0.792233,2021,0.841473,0.713723
0,'DALYs (Disability-Adjusted Life Years)',Mali,Rate,0.197719,2019,0.213767,0.175253
0,'DALYs (Disability-Adjusted Life Years)','United Republic of Tanzania',Rate,0.158963,2020,0.177117,0.13715
0,'DALYs (Disability-Adjusted Life Years)',Hungary,Rate,0.962864,2019,0.919252,0.961184
0,'DALYs (Disability-Adjusted Life Years)',Congo,Rate,0.17458,2020,0.196285,0.148907
0,'DALYs (Disability-Adjusted Life Years)',Kyrgyzstan,Rate,0.128777,2020,0.115736,0.133242
0,'DALYs (Disability-Adjusted Life Years)',Belgium,Rate,0.653134,2021,0.633537,0.629536
0,'DALYs (Disability-Adjusted Life Years)',Grenada,Rate,0.511713,2020,0.50346,0.502113
0,'DALYs (Disability-Adjusted Life Years)',Romania,Rate,0.771562,2021,0.737932,0.776846
0,'DALYs (Disability-Adjusted Life Years)','Democratic Peoples Republic of Korea',Rate,0.491366,2021,0.536252,0.423363
0,'DALYs (Disability-Adjusted Life Years)',Uruguay,Rate,0.723948,2020,0.692115,0.714881
0,'DALYs (Disability-Adjusted Life Years)',Germany,Rate,0.788162,2021,0.762058,0.763413
0,'DALYs (Disability-Adjusted Life Years)',Uganda,Rate,0.298148,2019,0.319421,0.258599
0,'DALYs (Disability-Adjusted Life Years)',Eritrea,Rate,0.356736,2019,0.384235,0.322877
0,'DALYs (Disability-Adjusted Life Years)',Colombia,Rate,0.263122,2020,0.244027,0.26713
0,'DALYs (Disability-Adjusted Life Years)','New Zealand',Rate,0.508346,2020,0.491068,0.490727
0,'DALYs (Disability-Adjusted Life Years)',Serbia,Rate,0.885694,2020,0.860767,0.869771
0,'DALYs (Disability-Adjusted Life Years)','Côte dIvoire',Rate,0.16235,2020,0.179762,0.137979
0,'DALYs (Disability-Adjusted Life Years)',India,Rate,0.225437,2021,0.224749,0.21801
0,'DALYs (Disability-Adjusted Life Years)','Republic of Moldova',Rate,0.499589,2020,0.475966,0.504869
0,'DALYs (Disability-Adjusted Life Years)','Sierra Leone',Rate,0.175461,2021,0.18891,0.15166
0,'DALYs (Disability-Adjusted Life Years)',Iraq,Rate,0.292227,2020,0.295671,0.275599
0,'DALYs (Disability-Adjusted Life Years)',Sudan,Rate,0.165221,2019,0.194886,0.127295
0,'DALYs (Disability-Adjusted Life Years)','San Marino',Rate,0.48912,2021,0.508614,0.44654
0,'DALYs (Disability-Adjusted Life Years)',Mauritius,Rate,0.342807,2020,0.325524,0.344848
0,'DALYs (Disability-Adjusted Life Years)','Syrian Arab Republic',Rate,0.113819,2021,0.114354,0.102164
0,'DALYs (Disability-Adjusted Life Years)',Slovakia,Rate,0.770151,2020,0.759974,0.760985
0,'DALYs (Disability-Adjusted Life Years)','United Arab Emirates',Rate,0.018132,2020,0.02092,0.015977
0,'DALYs (Disability-Adjusted Life Years)','Brunei Darussalam',Rate,0.339595,2020,0.336352,0.320443
0,'DALYs (Disability-Adjusted Life Years)','Antigua and Barbuda',Rate,0.381965,2021,0.375293,0.371601
0,'DALYs (Disability-Adjusted Life Years)',Israel,Rate,0.335164,2020,0.320727,0.324185
0,'DALYs (Disability-Adjusted Life Years)',Samoa,Rate,0.132593,2020,0.151621,0.11024
0,'DALYs (Disability-Adjusted Life Years)','United States of America',Rate,0.548196,2021,0.529313,0.537606
0,'DALYs (Disability-Adjusted Life Years)',Belize,Rate,0.206876,2020,0.197732,0.20658
0,'DALYs (Disability-Adjusted Life Years)',Seychelles,Rate,0.44588,2019,0.447467,0.428219
0,'DALYs (Disability-Adjusted Life Years)',Panama,Rate,0.268767,2020,0.253613,0.271336
0,'DALYs (Disability-Adjusted Life Years)',Tuvalu,Rate,0.453344,2019,0.495803,0.394733
0,'DALYs (Disability-Adjusted Life Years)','Papua New Guinea',Rate,0.178084,2020,0.190635,0.150182
0,'DALYs (Disability-Adjusted Life Years)','South Africa',Rate,0.306608,2021,0.319917,0.289313
0,'DALYs (Disability-Adjusted Life Years)',Bahrain,Rate,0.129993,2021,0.131858,0.118802
0,'DALYs (Disability-Adjusted Life Years)',Thailand,Rate,0.627479,2021,0.66288,0.601318
0,'DALYs (Disability-Adjusted Life Years)','Sao Tome and Principe',Rate,0.217608,2020,0.256616,0.151654
0,'DALYs (Disability-Adjusted Life Years)','United States Virgin Islands',Rate,0.566152,2020,0.563102,0.543549
0,'DALYs (Disability-Adjusted Life Years)','Saint Kitts and Nevis',Rate,0.405547,2019,0.394903,0.399096
0,'DALYs (Disability-Adjusted Life Years)',Peru,Rate,0.360564,2021,0.350016,0.343711
0,'DALYs (Disability-Adjusted Life Years)',Cyprus,Rate,0.478615,2020,0.480375,0.460901
0,'DALYs (Disability-Adjusted Life Years)',Slovenia,Rate,0.746065,2021,0.717493,0.729843
0,'DALYs (Disability-Adjusted Life Years)',Guam,Rate,0.401446,2019,0.388248,0.395106
0,'DALYs (Disability-Adjusted Life Years)',Vanuatu,Rate,0.127573,2020,0.138157,0.109429
0,'DALYs (Disability-Adjusted Life Years)',Montenegro,Rate,0.708165,2020,0.708369,0.663521
0,'DALYs (Disability-Adjusted Life Years)',Greece,Rate,0.770375,2021,0.744925,0.750137
0,'DALYs (Disability-Adjusted Life Years)',Mozambique,Rate,0.084967,2021,0.095905,0.068764
0,'DALYs (Disability-Adjusted Life Years)',Somalia,Rate,0.135664,2021,0.146577,0.113666
0,'DALYs (Disability-Adjusted Life Years)','Taiwan (Province of China)',Rate,0.666501,2020,0.641652,0.654494
0,'DALYs (Disability-Adjusted Life Years)',Turkmenistan,Rate,0.252081,2020,0.247572,0.244456
0,'DALYs (Disability-Adjusted Life Years)',Niger,Rate,0.111177,2019,0.138956,0.087609
0,'DALYs (Disability-Adjusted Life Years)',Czechia,Rate,0.743793,2021,0.707921,0.742608
0,'DALYs (Disability-Adjusted Life Years)',Malta,Rate,0.487429,2020,0.476246,0.469417
0,'DALYs (Disability-Adjusted Life Years)','United Kingdom',Rate,0.662138,2020,0.634992,0.645713
0,'DALYs (Disability-Adjusted Life Years)','Viet Nam',Rate,0.38413,2022,0.401483,0.339103
0,'DALYs (Disability-Adjusted Life Years)',Armenia,Rate,0.501758,2021,0.478528,0.503159
0,'DALYs (Disability-Adjusted Life Years)','Costa Rica',Rate,0.309413,2021,0.292097,0.310604
0,'DALYs (Disability-Adjusted Life Years)','Cabo Verde',Rate,0.273839,2019,0.295616,0.247898
0,'DALYs (Disability-Adjusted Life Years)','Bolivia (Plurinational State of)',Rate,0.50664,2020,0.51996,0.480858
0,'DALYs (Disability-Adjusted Life Years)',Estonia,Rate,0.705942,2021,0.674922,0.696066
0,'DALYs (Disability-Adjusted Life Years)','Micronesia (Federated States of)',Rate,0.347617,2021,0.36199,0.316193
0,'DALYs (Disability-Adjusted Life Years)',Chile,Rate,0.395238,2020,0.372161,0.394033
0,'DALYs (Disability-Adjusted Life Years)',Paraguay,Rate,0.309679,2018,0.300153,0.28683
0,'DALYs (Disability-Adjusted Life Years)',Comoros,Rate,0.112901,2021,0.130528,0.081637
0,'DALYs (Disability-Adjusted Life Years)',Albania,Rate,0.502821,2020,0.51533,0.48702
0,'DALYs (Disability-Adjusted Life Years)',Morocco,Rate,0.224318,2020,0.25882,0.188615
0,'DALYs (Disability-Adjusted Life Years)',Libya,Rate,0.313197,2021,0.333695,0.272417
0,'DALYs (Disability-Adjusted Life Years)',Gambia,Rate,0.072453,2021,0.083576,0.058185
0,'DALYs (Disability-Adjusted Life Years)',Guinea-Bissau,Rate,0.140399,2021,0.153649,0.113676
0,'DALYs (Disability-Adjusted Life Years)','Dominican Republic',Rate,0.282893,2020,0.280451,0.25782
0,'DALYs (Disability-Adjusted Life Years)','South Sudan',Rate,0.360821,2020,0.392449,0.3164
0,'DALYs (Disability-Adjusted Life Years)',Greenland,Rate,0.974546,2021,1,0.930634
0,'DALYs (Disability-Adjusted Life Years)',Mauritania,Rate,0.188934,2021,0.208019,0.155594
0,'DALYs (Disability-Adjusted Life Years)',Australia,Rate,0.489605,2021,0.47548,0.467342
0,'DALYs (Disability-Adjusted Life Years)',Philippines,Rate,0.199652,2020,0.194501,0.195669
0,'DALYs (Disability-Adjusted Life Years)',Switzerland,Rate,0.508664,2021,0.495446,0.48637
0,'DALYs (Disability-Adjusted Life Years)',Honduras,Rate,0.119434,2021,0.120652,0.109448
0,'DALYs (Disability-Adjusted Life Years)',Namibia,Rate,0.233995,2020,0.252594,0.184118
0,'DALYs (Disability-Adjusted Life Years)',Timor-Leste,Rate,0.173494,2020,0.187401,0.151502
0,'DALYs (Disability-Adjusted Life Years)',Cameroon,Rate,0.161622,2020,0.170953,0.142229
0,'DALYs (Disability-Adjusted Life Years)',Slovenia,Rate,0.763202,2022,0.741838,0.737724
0,'DALYs (Disability-Adjusted Life Years)',Niue,Rate,0.36216,2020,0.385945,0.320221
0,'DALYs (Disability-Adjusted Life Years)',Andorra,Rate,0.666764,2020,0.670739,0.622404
0,'DALYs (Disability-Adjusted Life Years)','Republic of Korea',Rate,0.473599,2021,0.48318,0.444649
0,'DALYs (Disability-Adjusted Life Years)',Nigeria,Rate,0.132286,2019,0.146703,0.108332
0,'DALYs (Disability-Adjusted Life Years)',Guam,Rate,0.402422,2020,0.393285,0.396248
0,'DALYs (Disability-Adjusted Life Years)',Haiti,Rate,0.271376,2020,0.291224,0.239548
0,'DALYs (Disability-Adjusted Life Years)',Palestine,Rate,0.128743,2022,0.12309,0.124989
0,'DALYs (Disability-Adjusted Life Years)',Bangladesh,Rate,0.257243,2020,0.276688,0.237396
0,'DALYs (Disability-Adjusted Life Years)',Zambia,Rate,0.220108,2020,0.238754,0.195208
0,'DALYs (Disability-Adjusted Life Years)',Kazakhstan,Rate,0.286982,2021,0.269529,0.287042
0,'DALYs (Disability-Adjusted Life Years)',Barbados,Rate,0.739072,2021,0.726507,0.723712
0,'DALYs (Disability-Adjusted Life Years)','Lao Peoples Democratic Republic',Rate,0.260229,2021,0.278428,0.232935
0,'DALYs (Disability-Adjusted Life Years)',Paraguay,Rate,0.346666,2021,0.338364,0.315089
0,'DALYs (Disability-Adjusted Life Years)',Ethiopia,Rate,0.345181,2020,0.378324,0.310555
0,'DALYs (Disability-Adjusted Life Years)',Ukraine,Rate,0.631957,2020,0.60593,0.632305
0,'DALYs (Disability-Adjusted Life Years)','Puerto Rico',Rate,0.456007,2020,0.436461,0.451548
0,'DALYs (Disability-Adjusted Life Years)','Equatorial Guinea',Rate,0.191233,2020,0.22057,0.139696
0,'DALYs (Disability-Adjusted Life Years)',Malaysia,Rate,0.265351,2021,0.256513,0.258838
0,'DALYs (Disability-Adjusted Life Years)',Luxembourg,Rate,0.466253,2020,0.451093,0.458835
0,'DALYs (Disability-Adjusted Life Years)','Bosnia and Herzegovina',Rate,0.800205,2021,0.788029,0.780987
0,'DALYs (Disability-Adjusted Life Years)',Tuvalu,Rate,0.499431,2021,0.551295,0.428826
0,'DALYs (Disability-Adjusted Life Years)',Guyana,Rate,0.304599,2021,0.297842,0.299969
0,'DALYs (Disability-Adjusted Life Years)','Northern Mariana Islands',Rate,0.550681,2020,0.566439,0.514093
0,'DALYs (Disability-Adjusted Life Years)','Bosnia and Herzegovina',Rate,0.809397,2022,0.801029,0.779496
0,'DALYs (Disability-Adjusted Life Years)','Iran (Islamic Republic of)',Rate,0.223072,2021,0.221079,0.213325
0,'DALYs (Disability-Adjusted Life Years)','United States of America',Rate,0.549275,2022,0.532677,0.537515
0,'DALYs (Disability-Adjusted Life Years)',Kenya,Rate,0.227222,2020,0.240934,0.204751
0,'DALYs (Disability-Adjusted Life Years)',Japan,Rate,0.778732,2022,0.774728,0.714927
0,'DALYs (Disability-Adjusted Life Years)',Mozambique,Rate,0.085474,2022,0.099127,0.063152
0,'DALYs (Disability-Adjusted Life Years)',Belarus,Rate,0.662656,2021,0.644032,0.648656
0,'DALYs (Disability-Adjusted Life Years)',Burundi,Rate,0.220029,2019,0.235587,0.194573
0,'DALYs (Disability-Adjusted Life Years)',Tajikistan,Rate,0.120635,2020,0.132978,0.111667
0,'DALYs (Disability-Adjusted Life Years)',Pakistan,Rate,0.278862,2021,0.288282,0.257286
0,'DALYs (Disability-Adjusted Life Years)',Ghana,Rate,0.140603,2020,0.143992,0.127572
0,'DALYs (Disability-Adjusted Life Years)',Japan,Rate,0.749511,2021,0.745775,0.688205
0,'DALYs (Disability-Adjusted Life Years)',Suriname,Rate,0.409579,2021,0.406576,0.389753
0,'DALYs (Disability-Adjusted Life Years)','El Salvador',Rate,0.333633,2020,0.335408,0.321168
0,'DALYs (Disability-Adjusted Life Years)',Liberia,Rate,0.212776,2020,0.240456,0.168404
0,'DALYs (Disability-Adjusted Life Years)',Ireland,Rate,0.457136,2021,0.441926,0.445708
0,'DALYs (Disability-Adjusted Life Years)','Viet Nam',Rate,0.357099,2021,0.375465,0.320049
0,'DALYs (Disability-Adjusted Life Years)',Canada,Rate,0.59422,2020,0.57301,0.577298
0,'DALYs (Disability-Adjusted Life Years)','North Macedonia',Rate,0.74156,2021,0.723578,0.716278
0,'DALYs (Disability-Adjusted Life Years)','American Samoa',Rate,0.461338,2021,0.500658,0.39997
0,'DALYs (Disability-Adjusted Life Years)',Cambodia,Rate,0.172177,2020,0.184054,0.153793
0,'DALYs (Disability-Adjusted Life Years)',Bermuda,Rate,0.683684,2020,0.669432,0.661814
0,'DALYs (Disability-Adjusted Life Years)',Zimbabwe,Rate,0.200262,2021,0.212338,0.177586
0,'DALYs (Disability-Adjusted Life Years)',Tonga,Rate,0.347943,2020,0.3717,0.310082
0,'DALYs (Disability-Adjusted Life Years)',Denmark,Rate,0.778975,2021,0.756048,0.757057
0,'DALYs (Disability-Adjusted Life Years)','Central African Republic',Rate,0.146975,2020,0.171083,0.106083
0,'DALYs (Disability-Adjusted Life Years)',Armenia,Rate,0.488326,2022,0.478137,0.478529
0,'DALYs (Disability-Adjusted Life Years)','South Africa',Rate,0.294113,2020,0.308715,0.269061
0,'DALYs (Disability-Adjusted Life Years)','Costa Rica',Rate,0.339105,2022,0.323006,0.3367
0,'DALYs (Disability-Adjusted Life Years)',Türkiye,Rate,0.407405,2021,0.406187,0.37202
0,'DALYs (Disability-Adjusted Life Years)','United Republic of Tanzania',Rate,0.1645,2019,0.179713,0.145162
0,'DALYs (Disability-Adjusted Life Years)',Madagascar,Rate,0.251475,2019,0.265274,0.235559
0,'DALYs (Disability-Adjusted Life Years)',Rwanda,Rate,0.298078,2020,0.319634,0.270632
0,'DALYs (Disability-Adjusted Life Years)',Kuwait,Rate,0.061859,2020,0.053143,0.064454
0,'DALYs (Disability-Adjusted Life Years)',Eritrea,Rate,0.364038,2021,0.392978,0.3302
0,'DALYs (Disability-Adjusted Life Years)',Norway,Rate,0.531081,2020,0.517027,0.512723
0,'DALYs (Disability-Adjusted Life Years)',Portugal,Rate,0.7737,2022,0.74883,0.739399
0,'DALYs (Disability-Adjusted Life Years)',Uganda,Rate,0.335237,2021,0.355406,0.303177
0,'DALYs (Disability-Adjusted Life Years)','Burkina Faso',Rate,0.073042,2021,0.074903,0.064747
0,'DALYs (Disability-Adjusted Life Years)',Guatemala,Rate,0.18642,2021,0.172484,0.189108
0,'DALYs (Disability-Adjusted Life Years)','Côte dIvoire',Rate,0.15831,2019,0.176625,0.134628
0,'DALYs (Disability-Adjusted Life Years)',Afghanistan,Rate,0.084751,2021,0.096933,0.058979
0,'DALYs (Disability-Adjusted Life Years)',Thailand,Rate,0.597039,2020,0.628212,0.572106
0,'DALYs (Disability-Adjusted Life Years)',Gabon,Rate,0.32881,2022,0.362305,0.292683
0,'DALYs (Disability-Adjusted Life Years)',Guinea-Bissau,Rate,0.165473,2022,0.183039,0.133556
0,'DALYs (Disability-Adjusted Life Years)',Netherlands,Rate,0.750012,2021,0.726901,0.726647
0,'DALYs (Disability-Adjusted Life Years)',Jamaica,Rate,0.477401,2022,0.486594,0.458615
0,'DALYs (Disability-Adjusted Life Years)',Seychelles,Rate,0.489297,2021,0.50892,0.450682
0,'DALYs (Disability-Adjusted Life Years)',Bulgaria,Rate,0.832354,2020,0.797373,0.835283
0,'DALYs (Disability-Adjusted Life Years)',Sudan,Rate,0.186695,2021,0.215742,0.146816
0,'DALYs (Disability-Adjusted Life Years)',Guyana,Rate,0.270287,2020,0.265544,0.266346
0,'DALYs (Disability-Adjusted Life Years)',Lithuania,Rate,0.797177,2021,0.761691,0.796746
0,'DALYs (Disability-Adjusted Life Years)',Palestine,Rate,0.116988,2021,0.110438,0.114442
0,'DALYs (Disability-Adjusted Life Years)',Fiji,Rate,0.344848,2022,0.358957,0.319881
0,'DALYs (Disability-Adjusted Life Years)',India,Rate,0.189961,2020,0.189626,0.184705
0,'DALYs (Disability-Adjusted Life Years)',China,Rate,0.534183,2022,0.547502,0.495668
0,'DALYs (Disability-Adjusted Life Years)','American Samoa',Rate,0.432199,2022,0.457996,0.381012
0,'DALYs (Disability-Adjusted Life Years)',Finland,Rate,0.616361,2020,0.60006,0.588351
0,'DALYs (Disability-Adjusted Life Years)',Mali,Rate,0.20654,2021,0.219176,0.187543
0,'DALYs (Disability-Adjusted Life Years)',Tokelau,Rate,0.228123,2019,0.240902,0.205362
0,'DALYs (Disability-Adjusted Life Years)',Belarus,Rate,0.678212,2022,0.663563,0.65983
0,'DALYs (Disability-Adjusted Life Years)',Peru,Rate,0.291309,2020,0.279542,0.2781
0,'DALYs (Disability-Adjusted Life Years)','Democratic Peoples Republic of Korea',Rate,0.474373,2020,0.516773,0.415839
0,'DALYs (Disability-Adjusted Life Years)',Bhutan,Rate,0.256413,2022,0.283184,0.227891
0,'DALYs (Disability-Adjusted Life Years)',Qatar,Rate,0.003919,2022,0.007335,0.002476
0,'DALYs (Disability-Adjusted Life Years)',Gabon,Rate,0.286885,2021,0.313698,0.256516
0,'DALYs (Disability-Adjusted Life Years)',France,Rate,0.729964,2022,0.711297,0.701617
0,'DALYs (Disability-Adjusted Life Years)',Malawi,Rate,0.32933,2020,0.385661,0.272386
0,'DALYs (Disability-Adjusted Life Years)','Saudi Arabia',Rate,0.094236,2021,0.113164,0.087138
0,'DALYs (Disability-Adjusted Life Years)',Algeria,Rate,0.158494,2022,0.182441,0.123398
0,'DALYs (Disability-Adjusted Life Years)',Djibouti,Rate,0.263415,2019,0.286544,0.233686
0,'DALYs (Disability-Adjusted Life Years)',Jamaica,Rate,0.498787,2021,0.497238,0.481417
0,'DALYs (Disability-Adjusted Life Years)',Maldives,Rate,0.090004,2023,0.08851,0.084351
0,'DALYs (Disability-Adjusted Life Years)',Fiji,Rate,0.32851,2021,0.336222,0.310162
0,'DALYs (Disability-Adjusted Life Years)',Chad,Rate,0.120693,2020,0.13794,0.099707
0,'DALYs (Disability-Adjusted Life Years)','Republic of Korea',Rate,0.511959,2022,0.520653,0.485414
0,'DALYs (Disability-Adjusted Life Years)',Croatia,Rate,0.886721,2021,0.847489,0.881078
0,'DALYs (Disability-Adjusted Life Years)',Zimbabwe,Rate,0.160785,2022,0.182846,0.13816
0,'DALYs (Disability-Adjusted Life Years)',Palau,Rate,0.71148,2020,0.739455,0.658719
0,'DALYs (Disability-Adjusted Life Years)','San Marino',Rate,0.472276,2020,0.487389,0.435096
0,'DALYs (Disability-Adjusted Life Years)',Oman,Rate,0.056569,2020,0.056199,0.050206
0,'DALYs (Disability-Adjusted Life Years)',Benin,Rate,0.109131,2021,0.124941,0.085656
0,'DALYs (Disability-Adjusted Life Years)',Botswana,Rate,0.191417,2020,0.223769,0.149239
0,'DALYs (Disability-Adjusted Life Years)',Indonesia,Rate,0.301576,2022,0.316439,0.271745
0,'DALYs (Disability-Adjusted Life Years)',Guinea,Rate,0.155419,2021,0.176486,0.132214
0,'DALYs (Disability-Adjusted Life Years)',Romania,Rate,0.780115,2020,0.745551,0.785839
0,'DALYs (Disability-Adjusted Life Years)','Democratic Republic of the Congo',Rate,0.245784,2020,0.280149,0.184122
0,'DALYs (Disability-Adjusted Life Years)',Iraq,Rate,0.31244,2023,0.328499,0.279147
0,'DALYs (Disability-Adjusted Life Years)',Seychelles,Rate,0.477587,2022,0.485596,0.448102
0,'DALYs (Disability-Adjusted Life Years)',Indonesia,Rate,0.328727,2021,0.342293,0.302235
0,'DALYs (Disability-Adjusted Life Years)','Saint Kitts and Nevis',Rate,0.440473,2022,0.43302,0.434176
0,'DALYs (Disability-Adjusted Life Years)',Algeria,Rate,0.147955,2021,0.167341,0.118802
0,'DALYs (Disability-Adjusted Life Years)',Iceland,Rate,0.464546,2021,0.454665,0.45002
0,'DALYs (Disability-Adjusted Life Years)',Senegal,Rate,0.102899,2019,0.106114,0.091873
0,'DALYs (Disability-Adjusted Life Years)','Cabo Verde',Rate,0.272022,2021,0.295875,0.237064
0,'DALYs (Disability-Adjusted Life Years)',Cuba,Rate,0.741613,2021,0.70803,0.745216
0,'DALYs (Disability-Adjusted Life Years)',Mongolia,Rate,0.498398,2021,0.500364,0.480424
0,'DALYs (Disability-Adjusted Life Years)',France,Rate,0.66499,2021,0.643584,0.640994
0,'DALYs (Disability-Adjusted Life Years)',Libya,Rate,0.275506,2020,0.29725,0.239285
0,'DALYs (Disability-Adjusted Life Years)','Cook Islands',Rate,0.670552,2021,0.718072,0.598944
0,'DALYs (Disability-Adjusted Life Years)',Paraguay,Rate,0.329568,2020,0.318971,0.305476
0,'DALYs (Disability-Adjusted Life Years)',Myanmar,Rate,0.329688,2021,0.350182,0.298275
0,'DALYs (Disability-Adjusted Life Years)',Nauru,Rate,0.442607,2019,0.495386,0.380551
0,'DALYs (Disability-Adjusted Life Years)',Bahamas,Rate,0.7227,2021,0.704807,0.710981
0,'DALYs (Disability-Adjusted Life Years)',Bhutan,Rate,0.242025,2021,0.261344,0.208907
0,'DALYs (Disability-Adjusted Life Years)',Jordan,Rate,0.180206,2021,0.174692,0.17377
0,'DALYs (Disability-Adjusted Life Years)',Lesotho,Rate,0.220782,2019,0.272118,0.175714
0,'DALYs (Disability-Adjusted Life Years)',Estonia,Rate,0.698847,2020,0.670407,0.688909
0,'DALYs (Disability-Adjusted Life Years)',Nicaragua,Rate,0.217356,2021,0.217685,0.211193
0,'DALYs (Disability-Adjusted Life Years)',Samoa,Rate,0.157506,2023,0.18242,0.122468
0,'DALYs (Disability-Adjusted Life Years)',Ghana,Rate,0.133762,2019,0.137534,0.118257
0,'DALYs (Disability-Adjusted Life Years)',Croatia,Rate,0.895432,2022,0.860757,0.885123
0,'DALYs (Disability-Adjusted Life Years)',Yemen,Rate,0.086532,2021,0.099583,0.058967
0,'DALYs (Disability-Adjusted Life Years)','Sao Tome and Principe',Rate,0.225264,2023,0.253552,0.190223
0,'DALYs (Disability-Adjusted Life Years)','North Macedonia',Rate,0.749397,2022,0.739244,0.717635
0,'DALYs (Disability-Adjusted Life Years)',Mexico,Rate,0.232965,2021,0.214586,0.239354
0,'DALYs (Disability-Adjusted Life Years)',Azerbaijan,Rate,0.376647,2020,0.39756,0.349915
0,'DALYs (Disability-Adjusted Life Years)',Spain,Rate,0.629895,2020,0.607221,0.610319
0,'DALYs (Disability-Adjusted Life Years)',Myanmar,Rate,0.319619,2022,0.339841,0.281671
0,'DALYs (Disability-Adjusted Life Years)',Guatemala,Rate,0.189772,2022,0.178311,0.189386
0,'DALYs (Disability-Adjusted Life Years)',Sweden,Rate,0.545352,2022,0.532914,0.518679
0,'DALYs (Disability-Adjusted Life Years)',Israel,Rate,0.341142,2023,0.326579,0.327829
0,'DALYs (Disability-Adjusted Life Years)',Eswatini,Rate,0.344272,2020,0.440497,0.252538
0,'DALYs (Disability-Adjusted Life Years)',Mauritania,Rate,0.172683,2020,0.192838,0.141531
0,'DALYs (Disability-Adjusted Life Years)',Andorra,Rate,0.689768,2023,0.700478,0.640668
0,'DALYs (Disability-Adjusted Life Years)','Papua New Guinea',Rate,0.208741,2023,0.23275,0.17699
0,'DALYs (Disability-Adjusted Life Years)',Latvia,Rate,0.822199,2021,0.788055,0.821595
0,'DALYs (Disability-Adjusted Life Years)',Burundi,Rate,0.244437,2022,0.273069,0.212272
0,'DALYs (Disability-Adjusted Life Years)',Belgium,Rate,0.651417,2020,0.6308,0.631446
0,'DALYs (Disability-Adjusted Life Years)','Marshall Islands',Rate,0.41287,2021,0.456427,0.350618
0,'DALYs (Disability-Adjusted Life Years)',Portugal,Rate,0.720746,2021,0.697489,0.696704
0,'DALYs (Disability-Adjusted Life Years)',Poland,Rate,0.791092,2021,0.753544,0.791452
0,'DALYs (Disability-Adjusted Life Years)','United Republic of Tanzania',Rate,0.147962,2022,0.165938,0.126282
0,'DALYs (Disability-Adjusted Life Years)','Saint Lucia',Rate,0.420658,2020,0.414915,0.413675
0,'DALYs (Disability-Adjusted Life Years)',Italy,Rate,0.725113,2021,0.709354,0.691258
0,'DALYs (Disability-Adjusted Life Years)','Republic of Moldova',Rate,0.545908,2023,0.534633,0.535508
0,'DALYs (Disability-Adjusted Life Years)','Russian Federation',Rate,0.616594,2021,0.58571,0.620669
0,'DALYs (Disability-Adjusted Life Years)','New Zealand',Rate,0.526216,2021,0.510475,0.504588
0,'DALYs (Disability-Adjusted Life Years)','Saint Vincent and the Grenadines',Rate,0.488705,2022,0.49636,0.467799
0,'DALYs (Disability-Adjusted Life Years)',Belize,Rate,0.212813,2023,0.207719,0.205492
0,'DALYs (Disability-Adjusted Life Years)','Cook Islands',Rate,0.653253,2022,0.689036,0.591792
0,'DALYs (Disability-Adjusted Life Years)','Saudi Arabia',Rate,0.096648,2022,0.115222,0.087902
0,'DALYs (Disability-Adjusted Life Years)',Honduras,Rate,0.10546,2020,0.107128,0.096121
0,'DALYs (Disability-Adjusted Life Years)',Tunisia,Rate,0.332203,2021,0.345139,0.318226
0,'DALYs (Disability-Adjusted Life Years)','Antigua and Barbuda',Rate,0.395266,2020,0.387072,0.382368
0,'DALYs (Disability-Adjusted Life Years)',Latvia,Rate,0.842384,2022,0.817634,0.835004
0,'DALYs (Disability-Adjusted Life Years)',Niger,Rate,0.121951,2021,0.153391,0.097601
0,'DALYs (Disability-Adjusted Life Years)',Nauru,Rate,0.55353,2021,0.628563,0.472382
0,'DALYs (Disability-Adjusted Life Years)',Greenland,Rate,0.956597,2020,0.970284,0.915503
0,'DALYs (Disability-Adjusted Life Years)','United Arab Emirates',Rate,0.054333,2023,0.061493,0.046969
0,'DALYs (Disability-Adjusted Life Years)',Pakistan,Rate,0.254434,2020,0.262006,0.229542
0,'DALYs (Disability-Adjusted Life Years)',Nepal,Rate,0.142928,2022,0.154126,0.127565
0,'DALYs (Disability-Adjusted Life Years)','Marshall Islands',Rate,0.413904,2022,0.454991,0.363462
0,'DALYs (Disability-Adjusted Life Years)',Nigeria,Rate,0.139893,2021,0.154353,0.114109
0,'DALYs (Disability-Adjusted Life Years)','Saint Vincent and the Grenadines',Rate,0.48225,2021,0.475128,0.470225
0,'DALYs (Disability-Adjusted Life Years)',Mali,Rate,0.221694,2022,0.23745,0.194701
0,'DALYs (Disability-Adjusted Life Years)','Solomon Islands',Rate,0.315134,2021,0.333005,0.285492
0,'DALYs (Disability-Adjusted Life Years)','Sierra Leone',Rate,0.170262,2020,0.185282,0.148526
0,'DALYs (Disability-Adjusted Life Years)',Bahamas,Rate,0.576359,2022,0.562527,0.565521
0,'DALYs (Disability-Adjusted Life Years)',Hungary,Rate,0.916338,2022,0.876783,0.917762
0,'DALYs (Disability-Adjusted Life Years)',Georgia,Rate,0.711517,2021,0.684653,0.704949
0,'DALYs (Disability-Adjusted Life Years)',Qatar,Rate,0.000394,2021,0.000753,0.000081
0,'DALYs (Disability-Adjusted Life Years)',Tokelau,Rate,0.227884,2022,0.25236,0.195985
0,'DALYs (Disability-Adjusted Life Years)',Singapore,Rate,0.284023,2020,0.269726,0.276639
0,'DALYs (Disability-Adjusted Life Years)',Georgia,Rate,0.695182,2022,0.683588,0.675646
0,'DALYs (Disability-Adjusted Life Years)','Lao Peoples Democratic Republic',Rate,0.251709,2020,0.266595,0.228333
0,'DALYs (Disability-Adjusted Life Years)','Taiwan (Province of China)',Rate,0.729492,2022,0.704713,0.722224
0,'DALYs (Disability-Adjusted Life Years)',Burundi,Rate,0.241888,2021,0.267858,0.205519
0,'DALYs (Disability-Adjusted Life Years)',Nicaragua,Rate,0.203109,2022,0.211099,0.194326
0,'DALYs (Disability-Adjusted Life Years)',Namibia,Rate,0.230589,2019,0.244102,0.178785
0,'DALYs (Disability-Adjusted Life Years)',Bahrain,Rate,0.117128,2020,0.114791,0.107705
0,'DALYs (Disability-Adjusted Life Years)',Zambia,Rate,0.257148,2023,0.288706,0.217772
0,'DALYs (Disability-Adjusted Life Years)',Dominica,Rate,0.583139,2021,0.595642,0.544883
0,'DALYs (Disability-Adjusted Life Years)',China,Rate,0.483538,2021,0.486632,0.468374
0,'DALYs (Disability-Adjusted Life Years)',Ethiopia,Rate,0.432985,2023,0.465042,0.391875
0,'DALYs (Disability-Adjusted Life Years)','Sri Lanka',Rate,0.310638,2022,0.308283,0.294706
0,'DALYs (Disability-Adjusted Life Years)',Argentina,Rate,0.525916,2022,0.500376,0.527722
0,'DALYs (Disability-Adjusted Life Years)',Chile,Rate,0.42457,2023,0.406298,0.414424
0,'DALYs (Disability-Adjusted Life Years)',Philippines,Rate,0.217519,2023,0.214193,0.210874
0,'DALYs (Disability-Adjusted Life Years)',Benin,Rate,0.108683,2022,0.126432,0.085281
0,'DALYs (Disability-Adjusted Life Years)',Mongolia,Rate,0.509465,2022,0.5121,0.47706
0,'DALYs (Disability-Adjusted Life Years)',Netherlands,Rate,0.741631,2020,0.716272,0.71791
0,'DALYs (Disability-Adjusted Life Years)',Kiribati,Rate,0.166363,2020,0.185891,0.133354
0,'DALYs (Disability-Adjusted Life Years)','Central African Republic',Rate,0.180254,2023,0.214186,0.127754
0,'DALYs (Disability-Adjusted Life Years)',Egypt,Rate,0.20606,2022,0.216129,0.182584
0,'DALYs (Disability-Adjusted Life Years)',Kenya,Rate,0.252198,2023,0.275036,0.222097
0,'DALYs (Disability-Adjusted Life Years)',Egypt,Rate,0.180562,2021,0.179877,0.166649
0,'DALYs (Disability-Adjusted Life Years)','Saint Kitts and Nevis',Rate,0.453929,2021,0.446031,0.44653
0,'DALYs (Disability-Adjusted Life Years)','Sri Lanka',Rate,0.220031,2021,0.212978,0.211018
0,'DALYs (Disability-Adjusted Life Years)',Switzerland,Rate,0.516355,2020,0.500587,0.49537
0,'DALYs (Disability-Adjusted Life Years)',Germany,Rate,0.789148,2020,0.762572,0.764621
0,'DALYs (Disability-Adjusted Life Years)',Tonga,Rate,0.396368,2023,0.424614,0.353475
0,'DALYs (Disability-Adjusted Life Years)',Iceland,Rate,0.508358,2022,0.499943,0.491687
0,'DALYs (Disability-Adjusted Life Years)',Maldives,Rate,0.086507,2022,0.082723,0.081883
0,'DALYs (Disability-Adjusted Life Years)',Luxembourg,Rate,0.469536,2023,0.460884,0.452506
0,'DALYs (Disability-Adjusted Life Years)',Gambia,Rate,0.068362,2020,0.080517,0.054526
0,'DALYs (Disability-Adjusted Life Years)',Türkiye,Rate,0.409121,2022,0.414877,0.371074
0,'DALYs (Disability-Adjusted Life Years)',Montenegro,Rate,0.745307,2023,0.755776,0.697832
0,'DALYs (Disability-Adjusted Life Years)',Guam,Rate,0.40617,2021,0.399098,0.394285
0,'DALYs (Disability-Adjusted Life Years)',Turkmenistan,Rate,0.244061,2023,0.245969,0.232911
0,'DALYs (Disability-Adjusted Life Years)',Tuvalu,Rate,0.464264,2020,0.513312,0.402797
0,'DALYs (Disability-Adjusted Life Years)','Russian Federation',Rate,0.58485,2022,0.558864,0.583122
0,'DALYs (Disability-Adjusted Life Years)','Cabo Verde',Rate,0.315965,2022,0.347104,0.281483
0,'DALYs (Disability-Adjusted Life Years)',Somalia,Rate,0.121938,2020,0.132971,0.097574
0,'DALYs (Disability-Adjusted Life Years)',Serbia,Rate,0.879989,2021,0.850241,0.852892
0,'DALYs (Disability-Adjusted Life Years)',Jordan,Rate,0.167181,2022,0.164099,0.158089
0,'DALYs (Disability-Adjusted Life Years)',Tajikistan,Rate,0.164524,2023,0.183437,0.14514
0,'DALYs (Disability-Adjusted Life Years)',Australia,Rate,0.481043,2020,0.465412,0.459644
0,'DALYs (Disability-Adjusted Life Years)',Angola,Rate,0.171244,2021,0.188281,0.146213
0,'DALYs (Disability-Adjusted Life Years)','South Sudan',Rate,0.416925,2023,0.455251,0.376192
0,'DALYs (Disability-Adjusted Life Years)',Suriname,Rate,0.3604,2020,0.356522,0.342652
0,'DALYs (Disability-Adjusted Life Years)','Solomon Islands',Rate,0.338955,2022,0.359517,0.303858
0,'DALYs (Disability-Adjusted Life Years)',Chad,Rate,0.140842,2023,0.167246,0.113448
0,'DALYs (Disability-Adjusted Life Years)',Togo,Rate,0.142451,2019,0.157144,0.121839
0,'DALYs (Disability-Adjusted Life Years)','Democratic Peoples Republic of Korea',Rate,0.515904,2022,0.560702,0.448508
0,'DALYs (Disability-Adjusted Life Years)',Czechia,Rate,0.764747,2020,0.728918,0.760261
0,'DALYs (Disability-Adjusted Life Years)','Côte dIvoire',Rate,0.161702,2021,0.174381,0.138
0,'DALYs (Disability-Adjusted Life Years)',Panama,Rate,0.255088,2023,0.244772,0.249308
0,'DALYs (Disability-Adjusted Life Years)',Sudan,Rate,0.188673,2022,0.223254,0.145965
0,'DALYs (Disability-Adjusted Life Years)',Cuba,Rate,0.639028,2022,0.651323,0.614211
0,'DALYs (Disability-Adjusted Life Years)',Niue,Rate,0.439823,2023,0.48708,0.383477
0,'DALYs (Disability-Adjusted Life Years)',Ukraine,Rate,0.636322,2023,0.64524,0.609535
0,'DALYs (Disability-Adjusted Life Years)','New Zealand',Rate,0.554144,2022,0.536983,0.537895
0,'DALYs (Disability-Adjusted Life Years)',Mexico,Rate,0.225675,2022,0.208864,0.230294
0,'DALYs (Disability-Adjusted Life Years)',Thailand,Rate,0.676596,2023,0.718909,0.638458
0,'DALYs (Disability-Adjusted Life Years)','Northern Mariana Islands',Rate,0.497862,2019,0.512414,0.464372
0,'DALYs (Disability-Adjusted Life Years)','Dominican Republic',Rate,0.315685,2023,0.317476,0.287999
0,'DALYs (Disability-Adjusted Life Years)',Italy,Rate,0.744536,2022,0.729579,0.705032
0,'DALYs (Disability-Adjusted Life Years)','Papua New Guinea',Rate,0.202534,2022,0.217713,0.166647
0,'DALYs (Disability-Adjusted Life Years)',Djibouti,Rate,0.280868,2021,0.319716,0.224379
0,'DALYs (Disability-Adjusted Life Years)',Malta,Rate,0.478231,2021,0.469032,0.463595
0,'DALYs (Disability-Adjusted Life Years)',Tunisia,Rate,0.390015,2022,0.393344,0.370625
0,'DALYs (Disability-Adjusted Life Years)',Djibouti,Rate,0.288475,2022,0.313246,0.254192
0,'DALYs (Disability-Adjusted Life Years)',Grenada,Rate,0.511584,2021,0.505381,0.498794
0,'DALYs (Disability-Adjusted Life Years)','Trinidad and Tobago',Rate,0.531748,2022,0.521263,0.523628
0,'DALYs (Disability-Adjusted Life Years)','United Kingdom',Rate,0.66281,2022,0.638418,0.643166
0,'DALYs (Disability-Adjusted Life Years)',Haiti,Rate,0.321181,2023,0.350653,0.281154
0,'DALYs (Disability-Adjusted Life Years)',Malawi,Rate,0.38153,2023,0.443107,0.307559
0,'DALYs (Disability-Adjusted Life Years)',Guam,Rate,0.380356,2022,0.374413,0.367406
0,'DALYs (Disability-Adjusted Life Years)',Kazakhstan,Rate,0.308741,2020,0.290655,0.309876
0,'DALYs (Disability-Adjusted Life Years)','Venezuela (Bolivarian Republic of)',Rate,0.426986,2021,0.417694,0.412659
0,'DALYs (Disability-Adjusted Life Years)','Democratic Republic of the Congo',Rate,0.299043,2023,0.338184,0.229967
0,'DALYs (Disability-Adjusted Life Years)','Bolivia (Plurinational State of)',Rate,0.421771,2023,0.436851,0.39515
0,'DALYs (Disability-Adjusted Life Years)',Belize,Rate,0.202974,2022,0.197658,0.198968
0,'DALYs (Disability-Adjusted Life Years)',Kyrgyzstan,Rate,0.135407,2022,0.127778,0.135039
0,'DALYs (Disability-Adjusted Life Years)',Nepal,Rate,0.142128,2021,0.151284,0.130181
0,'DALYs (Disability-Adjusted Life Years)',Botswana,Rate,0.229552,2023,0.265887,0.182237
0,'DALYs (Disability-Adjusted Life Years)',Vanuatu,Rate,0.128449,2021,0.141479,0.110723
0,'DALYs (Disability-Adjusted Life Years)',Montenegro,Rate,0.734954,2022,0.745024,0.683668
0,'DALYs (Disability-Adjusted Life Years)',Sweden,Rate,0.538327,2021,0.525386,0.514583
0,'DALYs (Disability-Adjusted Life Years)',Dominica,Rate,0.577653,2022,0.595859,0.545935
0,'DALYs (Disability-Adjusted Life Years)',Madagascar,Rate,0.27298,2021,0.286364,0.252562
0,'DALYs (Disability-Adjusted Life Years)',Angola,Rate,0.183949,2022,0.204766,0.154252
0,'DALYs (Disability-Adjusted Life Years)',Uruguay,Rate,0.880653,2022,0.849122,0.869516
0,'DALYs (Disability-Adjusted Life Years)',Kuwait,Rate,0.070999,2023,0.06371,0.070945
0,'DALYs (Disability-Adjusted Life Years)',Nauru,Rate,0.508937,2022,0.579676,0.440316
0,'DALYs (Disability-Adjusted Life Years)',Senegal,Rate,0.124795,2022,0.135166,0.109222
0,'DALYs (Disability-Adjusted Life Years)',Austria,Rate,0.627293,2021,0.606292,0.610854
0,'DALYs (Disability-Adjusted Life Years)',Zambia,Rate,0.240098,2022,0.265187,0.207411
0,'DALYs (Disability-Adjusted Life Years)',Lesotho,Rate,0.230501,2021,0.278984,0.192096
0,'DALYs (Disability-Adjusted Life Years)',Cameroon,Rate,0.180494,2022,0.194745,0.154397
0,'DALYs (Disability-Adjusted Life Years)',Austria,Rate,0.646108,2022,0.626402,0.62512
0,'DALYs (Disability-Adjusted Life Years)','United Republic of Tanzania',Rate,0.171801,2021,0.201117,0.133064
0,'DALYs (Disability-Adjusted Life Years)','Burkina Faso',Rate,0.072441,2020,0.072913,0.065414
0,'DALYs (Disability-Adjusted Life Years)','Democratic Peoples Republic of Korea',Rate,0.524203,2023,0.589738,0.447679
0,'DALYs (Disability-Adjusted Life Years)',Comoros,Rate,0.097022,2020,0.102296,0.081296
0,'DALYs (Disability-Adjusted Life Years)',Lesotho,Rate,0.259473,2022,0.31442,0.20691
0,'DALYs (Disability-Adjusted Life Years)',Cambodia,Rate,0.184087,2022,0.197853,0.167297
0,'DALYs (Disability-Adjusted Life Years)',Finland,Rate,0.671185,2023,0.657815,0.637271
0,'DALYs (Disability-Adjusted Life Years)',Niger,Rate,0.125405,2022,0.158953,0.096766
0,'DALYs (Disability-Adjusted Life Years)',Bangladesh,Rate,0.324044,2023,0.350842,0.275216
0,'DALYs (Disability-Adjusted Life Years)',Hungary,Rate,0.928407,2021,0.884632,0.932908
0,'DALYs (Disability-Adjusted Life Years)',Poland,Rate,0.81262,2022,0.777735,0.806163
0,'DALYs (Disability-Adjusted Life Years)',Philippines,Rate,0.225705,2022,0.220779,0.220128
0,'DALYs (Disability-Adjusted Life Years)',Uganda,Rate,0.300641,2020,0.329486,0.264579
0,'DALYs (Disability-Adjusted Life Years)',Timor-Leste,Rate,0.178504,2021,0.194863,0.156033
0,'DALYs (Disability-Adjusted Life Years)',Israel,Rate,0.342274,2022,0.327918,0.330503
0,'DALYs (Disability-Adjusted Life Years)','Iran (Islamic Republic of)',Rate,0.228717,2020,0.227239,0.221127
0,'DALYs (Disability-Adjusted Life Years)',Timor-Leste,Rate,0.182773,2022,0.20109,0.159146
0,'DALYs (Disability-Adjusted Life Years)','Puerto Rico',Rate,0.488358,2023,0.473702,0.472877
0,'DALYs (Disability-Adjusted Life Years)',Uzbekistan,Rate,0.183425,2021,0.169928,0.187137
0,'DALYs (Disability-Adjusted Life Years)','Syrian Arab Republic',Rate,0.118696,2020,0.120851,0.106233
0,'DALYs (Disability-Adjusted Life Years)','Republic of Moldova',Rate,0.521089,2022,0.508412,0.515527
0,'DALYs (Disability-Adjusted Life Years)','Northern Mariana Islands',Rate,0.584843,2021,0.614125,0.539568
0,'DALYs (Disability-Adjusted Life Years)',Guyana,Rate,0.351772,2023,0.351944,0.329896
0,'DALYs (Disability-Adjusted Life Years)',Yemen,Rate,0.087358,2022,0.104846,0.062152
0,'DALYs (Disability-Adjusted Life Years)',Bulgaria,Rate,0.748586,2023,0.723872,0.736356
0,'DALYs (Disability-Adjusted Life Years)',Panama,Rate,0.252466,2022,0.240714,0.253197
0,'DALYs (Disability-Adjusted Life Years)',Argentina,Rate,0.467712,2021,0.44297,0.471473
0,'DALYs (Disability-Adjusted Life Years)',Uzbekistan,Rate,0.1816,2022,0.173026,0.182129
0,'DALYs (Disability-Adjusted Life Years)',Iraq,Rate,0.304916,2022,0.31721,0.277195
0,'DALYs (Disability-Adjusted Life Years)',Chile,Rate,0.426425,2022,0.405686,0.420275
0,'DALYs (Disability-Adjusted Life Years)',Guinea,Rate,0.151208,2020,0.173102,0.126213
0,'DALYs (Disability-Adjusted Life Years)','Venezuela (Bolivarian Republic of)',Rate,0.438193,2022,0.436312,0.415429
0,'DALYs (Disability-Adjusted Life Years)',Ecuador,Rate,0.249451,2022,0.232572,0.252467
0,'DALYs (Disability-Adjusted Life Years)',Lebanon,Rate,0.363026,2022,0.36999,0.342036
0,'DALYs (Disability-Adjusted Life Years)','South Africa',Rate,0.356223,2023,0.388962,0.3188
0,'DALYs (Disability-Adjusted Life Years)',Kenya,Rate,0.243109,2022,0.257827,0.218768
0,'DALYs (Disability-Adjusted Life Years)',Namibia,Rate,0.259275,2021,0.275187,0.209072
0,'DALYs (Disability-Adjusted Life Years)',Greece,Rate,0.759993,2020,0.734991,0.736819
0,'DALYs (Disability-Adjusted Life Years)',Ecuador,Rate,0.244711,2021,0.227704,0.24892
0,'DALYs (Disability-Adjusted Life Years)','Côte dIvoire',Rate,0.186358,2022,0.203349,0.158272
0,'DALYs (Disability-Adjusted Life Years)',Romania,Rate,0.776255,2023,0.748294,0.776606
0,'DALYs (Disability-Adjusted Life Years)','Sierra Leone',Rate,0.208353,2023,0.230154,0.176767
0,'DALYs (Disability-Adjusted Life Years)',Senegal,Rate,0.096933,2021,0.098367,0.0874
0,'DALYs (Disability-Adjusted Life Years)',Tajikistan,Rate,0.15929,2022,0.179143,0.142832
0,'DALYs (Disability-Adjusted Life Years)','Republic of Korea',Rate,0.521131,2023,0.532686,0.490158
0,'DALYs (Disability-Adjusted Life Years)','United Arab Emirates',Rate,0.035916,2022,0.040273,0.031579
0,'DALYs (Disability-Adjusted Life Years)','United States of America',Rate,0.541951,2023,0.526508,0.527385
0,'DALYs (Disability-Adjusted Life Years)',Spain,Rate,0.643541,2023,0.624779,0.618804
0,'DALYs (Disability-Adjusted Life Years)',Palau,Rate,0.759429,2023,0.791763,0.693672
0,'DALYs (Disability-Adjusted Life Years)',Turkmenistan,Rate,0.248774,2022,0.247305,0.240018
0,'DALYs (Disability-Adjusted Life Years)','United States Virgin Islands',Rate,0.597451,2022,0.595133,0.574561
0,'DALYs (Disability-Adjusted Life Years)','Costa Rica',Rate,0.367251,2023,0.354247,0.363395
0,'DALYs (Disability-Adjusted Life Years)',Tokelau,Rate,0.199265,2021,0.227062,0.170361
0,'DALYs (Disability-Adjusted Life Years)',Bermuda,Rate,0.789463,2023,0.780239,0.75757
0,'DALYs (Disability-Adjusted Life Years)',Oman,Rate,0.062322,2023,0.066964,0.049815
0,'DALYs (Disability-Adjusted Life Years)',Samoa,Rate,0.148381,2022,0.168157,0.120556
0,'DALYs (Disability-Adjusted Life Years)','Sao Tome and Principe',Rate,0.217036,2022,0.246423,0.177994
0,'DALYs (Disability-Adjusted Life Years)','El Salvador',Rate,0.364461,2023,0.378836,0.344296
0,'DALYs (Disability-Adjusted Life Years)',Belgium,Rate,0.657577,2023,0.638217,0.628548
0,'DALYs (Disability-Adjusted Life Years)',Ghana,Rate,0.152119,2021,0.157603,0.137933
0,'DALYs (Disability-Adjusted Life Years)',Cameroon,Rate,0.166139,2021,0.177317,0.146756
0,'DALYs (Disability-Adjusted Life Years)',Andorra,Rate,0.696742,2022,0.704999,0.64872
0,'DALYs (Disability-Adjusted Life Years)',Cambodia,Rate,0.200705,2023,0.210644,0.180944
0,'DALYs (Disability-Adjusted Life Years)',Luxembourg,Rate,0.446092,2022,0.432358,0.435786
0,'DALYs (Disability-Adjusted Life Years)',Armenia,Rate,0.420558,2023,0.41442,0.403565
0,'DALYs (Disability-Adjusted Life Years)',Mozambique,Rate,0.092692,2023,0.107202,0.065857
0,'DALYs (Disability-Adjusted Life Years)','South Sudan',Rate,0.402465,2022,0.445035,0.36274
0,'DALYs (Disability-Adjusted Life Years)',Cyprus,Rate,0.493207,2022,0.503247,0.458482
0,'DALYs (Disability-Adjusted Life Years)',Rwanda,Rate,0.394561,2023,0.419544,0.354322
0,'DALYs (Disability-Adjusted Life Years)',Congo,Rate,0.181019,2021,0.20408,0.154327
0,'DALYs (Disability-Adjusted Life Years)',Jamaica,Rate,0.469713,2023,0.477485,0.442632
0,'DALYs (Disability-Adjusted Life Years)',Cyprus,Rate,0.493288,2021,0.497354,0.467238
0,'DALYs (Disability-Adjusted Life Years)',Madagascar,Rate,0.307562,2022,0.324309,0.279766
0,'DALYs (Disability-Adjusted Life Years)',Belgium,Rate,0.681178,2022,0.662928,0.650335
0,'DALYs (Disability-Adjusted Life Years)',Gambia,Rate,0.088416,2023,0.109619,0.063558
0,'DALYs (Disability-Adjusted Life Years)','Central African Republic',Rate,0.17096,2022,0.206506,0.121821
0,'DALYs (Disability-Adjusted Life Years)',Mauritius,Rate,0.338422,2021,0.322368,0.3407
0,'DALYs (Disability-Adjusted Life Years)','Saint Lucia',Rate,0.469954,2023,0.475656,0.449008
0,'DALYs (Disability-Adjusted Life Years)',Guinea-Bissau,Rate,0.177612,2023,0.19966,0.144396
0,'DALYs (Disability-Adjusted Life Years)',Malawi,Rate,0.366926,2022,0.42632,0.300774
0,'DALYs (Disability-Adjusted Life Years)','Bolivia (Plurinational State of)',Rate,0.422294,2022,0.434549,0.400916
0,'DALYs (Disability-Adjusted Life Years)',Ukraine,Rate,0.590704,2022,0.590914,0.57724
0,'DALYs (Disability-Adjusted Life Years)',Peru,Rate,0.371389,2023,0.367358,0.35398
0,'DALYs (Disability-Adjusted Life Years)',Ethiopia,Rate,0.401733,2022,0.440044,0.365277
0,'DALYs (Disability-Adjusted Life Years)',Liberia,Rate,0.264532,2023,0.287312,0.212213
0,'DALYs (Disability-Adjusted Life Years)',Malta,Rate,0.471232,2022,0.466085,0.451609
0,'DALYs (Disability-Adjusted Life Years)',Congo,Rate,0.210118,2022,0.24633,0.168951
0,'DALYs (Disability-Adjusted Life Years)',Vanuatu,Rate,0.136436,2022,0.148615,0.116906
0,'DALYs (Disability-Adjusted Life Years)',Lebanon,Rate,0.31074,2021,0.308308,0.302624
0,'DALYs (Disability-Adjusted Life Years)',Serbia,Rate,0.865229,2022,0.847093,0.836462
0,'DALYs (Disability-Adjusted Life Years)',Canada,Rate,0.609911,2022,0.589075,0.592173
0,'DALYs (Disability-Adjusted Life Years)',Libya,Rate,0.283594,2023,0.316716,0.237289
0,'DALYs (Disability-Adjusted Life Years)',Netherlands,Rate,0.75577,2023,0.736678,0.724792
0,'DALYs (Disability-Adjusted Life Years)','United Kingdom',Rate,0.644909,2021,0.619503,0.629694
0,'DALYs (Disability-Adjusted Life Years)','Bosnia and Herzegovina',Rate,0.805487,2023,0.821715,0.761223
0,'DALYs (Disability-Adjusted Life Years)',Kiribati,Rate,0.183296,2023,0.205964,0.144614
0,'DALYs (Disability-Adjusted Life Years)',Japan,Rate,0.842695,2023,0.84334,0.760337
0,'DALYs (Disability-Adjusted Life Years)',Romania,Rate,0.801511,2022,0.771536,0.799005
0,'DALYs (Disability-Adjusted Life Years)',Chad,Rate,0.134651,2022,0.158644,0.11099
0,'DALYs (Disability-Adjusted Life Years)',Zimbabwe,Rate,0.159206,2023,0.182009,0.135428
0,'DALYs (Disability-Adjusted Life Years)',Azerbaijan,Rate,0.35032,2023,0.367748,0.321713
0,'DALYs (Disability-Adjusted Life Years)',India,Rate,0.21888,2023,0.229859,0.199227
0,'DALYs (Disability-Adjusted Life Years)',Botswana,Rate,0.218387,2022,0.252308,0.174525
0,'DALYs (Disability-Adjusted Life Years)',Togo,Rate,0.177873,2022,0.196024,0.152096
0,'DALYs (Disability-Adjusted Life Years)',Slovenia,Rate,0.74643,2023,0.729942,0.721213
0,'DALYs (Disability-Adjusted Life Years)','Brunei Darussalam',Rate,0.358384,2021,0.356325,0.338517
0,'DALYs (Disability-Adjusted Life Years)',Germany,Rate,0.81109,2023,0.791086,0.780392
0,'DALYs (Disability-Adjusted Life Years)','San Marino',Rate,0.586204,2023,0.611568,0.523612
0,'DALYs (Disability-Adjusted Life Years)',Bahrain,Rate,0.166299,2023,0.174144,0.145497
0,'DALYs (Disability-Adjusted Life Years)',Grenada,Rate,0.494196,2022,0.49748,0.470385
0,'DALYs (Disability-Adjusted Life Years)',Slovakia,Rate,0.785025,2021,0.779523,0.78227
0,'DALYs (Disability-Adjusted Life Years)','Northern Mariana Islands',Rate,0.548007,2022,0.573222,0.50618
0,'DALYs (Disability-Adjusted Life Years)',Brazil,Rate,0.368616,2021,0.344911,0.370448
0,'DALYs (Disability-Adjusted Life Years)',Somalia,Rate,0.125507,2023,0.14248,0.095267
0,'DALYs (Disability-Adjusted Life Years)',Denmark,Rate,0.794171,2022,0.771884,0.767998
0,'DALYs (Disability-Adjusted Life Years)',Paraguay,Rate,0.315622,2022,0.313255,0.291764
0,'DALYs (Disability-Adjusted Life Years)',Kuwait,Rate,0.07235,2022,0.064066,0.074084
0,'DALYs (Disability-Adjusted Life Years)',Thailand,Rate,0.675748,2022,0.71325,0.643057
0,'DALYs (Disability-Adjusted Life Years)',Sudan,Rate,0.190203,2023,0.228269,0.146487
0,'DALYs (Disability-Adjusted Life Years)',Guatemala,Rate,0.190478,2023,0.18793,0.183264
0,'DALYs (Disability-Adjusted Life Years)',Seychelles,Rate,0.548879,2023,0.553974,0.526309
0,'DALYs (Disability-Adjusted Life Years)',Albania,Rate,0.532259,2022,0.546767,0.494817
0,'DALYs (Disability-Adjusted Life Years)',Niue,Rate,0.422388,2022,0.462845,0.371865
0,'DALYs (Disability-Adjusted Life Years)','United States Virgin Islands',Rate,0.561592,2021,0.558565,0.539009
0,'DALYs (Disability-Adjusted Life Years)',Guinea,Rate,0.189009,2023,0.212921,0.15786
0,'DALYs (Disability-Adjusted Life Years)',Colombia,Rate,0.269114,2022,0.251774,0.271953
0,'DALYs (Disability-Adjusted Life Years)',Mali,Rate,0.231418,2023,0.248238,0.203948
0,'DALYs (Disability-Adjusted Life Years)','Democratic Republic of the Congo',Rate,0.284121,2022,0.322029,0.218381
0,'DALYs (Disability-Adjusted Life Years)','Viet Nam',Rate,0.40756,2023,0.434713,0.351935
0,'DALYs (Disability-Adjusted Life Years)','Lao Peoples Democratic Republic',Rate,0.286758,2022,0.303699,0.256366
0,'DALYs (Disability-Adjusted Life Years)',Greece,Rate,0.778478,2023,0.755474,0.756353
0,'DALYs (Disability-Adjusted Life Years)',Estonia,Rate,0.694288,2023,0.675031,0.678017
0,'DALYs (Disability-Adjusted Life Years)',Slovakia,Rate,0.786275,2022,0.775844,0.77358
0,'DALYs (Disability-Adjusted Life Years)',Uruguay,Rate,0.767938,2021,0.733603,0.759949
0,'DALYs (Disability-Adjusted Life Years)',Paraguay,Rate,0.328407,2023,0.327014,0.304528
0,'DALYs (Disability-Adjusted Life Years)',Namibia,Rate,0.249113,2022,0.269729,0.198973
0,'DALYs (Disability-Adjusted Life Years)',Morocco,Rate,0.249268,2022,0.288854,0.206399
0,'DALYs (Disability-Adjusted Life Years)',Afghanistan,Rate,0.079182,2023,0.097074,0.052754
0,'DALYs (Disability-Adjusted Life Years)',Portugal,Rate,0.768108,2023,0.748245,0.72975
0,'DALYs (Disability-Adjusted Life Years)',Honduras,Rate,0.115759,2023,0.120084,0.102126
0,'DALYs (Disability-Adjusted Life Years)',Palestine,Rate,0.138348,2023,0.134276,0.130751
0,'DALYs (Disability-Adjusted Life Years)',Denmark,Rate,0.784248,2023,0.763603,0.75962
0,'DALYs (Disability-Adjusted Life Years)',Benin,Rate,0.115479,2023,0.131353,0.091049
0,'DALYs (Disability-Adjusted Life Years)',Mauritius,Rate,0.367404,2022,0.352875,0.367
0,'DALYs (Disability-Adjusted Life Years)','Dominican Republic',Rate,0.304719,2022,0.30439,0.27595
0,'DALYs (Disability-Adjusted Life Years)',Malaysia,Rate,0.287616,2023,0.284833,0.277735
0,'DALYs (Disability-Adjusted Life Years)',Afghanistan,Rate,0.076578,2022,0.087607,0.050975
0,'DALYs (Disability-Adjusted Life Years)',Ghana,Rate,0.171064,2022,0.180192,0.154708
0,'DALYs (Disability-Adjusted Life Years)',Tonga,Rate,0.381824,2022,0.405499,0.340444
0,'DALYs (Disability-Adjusted Life Years)',Mauritania,Rate,0.230776,2023,0.264079,0.178966
0,'DALYs (Disability-Adjusted Life Years)','Antigua and Barbuda',Rate,0.420582,2023,0.424295,0.402907
0,'DALYs (Disability-Adjusted Life Years)','Brunei Darussalam',Rate,0.373481,2022,0.373965,0.348854
0,'DALYs (Disability-Adjusted Life Years)',Peru,Rate,0.344366,2022,0.338004,0.326465
0,'DALYs (Disability-Adjusted Life Years)',Singapore,Rate,0.330778,2023,0.321458,0.313976
0,'DALYs (Disability-Adjusted Life Years)',Comoros,Rate,0.101201,2023,0.102176,0.088581
0,'DALYs (Disability-Adjusted Life Years)',Croatia,Rate,0.879129,2023,0.854408,0.861541
0,'DALYs (Disability-Adjusted Life Years)','Syrian Arab Republic',Rate,0.130157,2023,0.141101,0.111817
0,'DALYs (Disability-Adjusted Life Years)','Sierra Leone',Rate,0.188035,2022,0.207477,0.159943
0,'DALYs (Disability-Adjusted Life Years)',Gambia,Rate,0.080996,2022,0.095385,0.060638
0,'DALYs (Disability-Adjusted Life Years)',Bangladesh,Rate,0.30542,2022,0.324202,0.267413
0,'DALYs (Disability-Adjusted Life Years)',Algeria,Rate,0.162649,2023,0.188466,0.126852
0,'DALYs (Disability-Adjusted Life Years)',Finland,Rate,0.633972,2022,0.61554,0.611609
0,'DALYs (Disability-Adjusted Life Years)','Saudi Arabia',Rate,0.09884,2023,0.116792,0.087956
0,'DALYs (Disability-Adjusted Life Years)','American Samoa',Rate,0.445029,2023,0.477348,0.393184
0,'DALYs (Disability-Adjusted Life Years)',Gabon,Rate,0.354988,2023,0.386008,0.310654
0,'DALYs (Disability-Adjusted Life Years)','Micronesia (Federated States of)',Rate,0.319396,2023,0.331683,0.29211
0,'DALYs (Disability-Adjusted Life Years)','Equatorial Guinea',Rate,0.258065,2022,0.306184,0.191739
0,'DALYs (Disability-Adjusted Life Years)',Kazakhstan,Rate,0.252684,2023,0.240889,0.249992
0,'DALYs (Disability-Adjusted Life Years)',Greenland,Rate,0.835667,2023,0.855921,0.791959
0,'DALYs (Disability-Adjusted Life Years)',Morocco,Rate,0.241408,2021,0.275798,0.205098
0,'DALYs (Disability-Adjusted Life Years)','South Africa',Rate,0.32995,2022,0.352425,0.29946
0,'DALYs (Disability-Adjusted Life Years)',Pakistan,Rate,0.257928,2023,0.275922,0.232731
0,'DALYs (Disability-Adjusted Life Years)',Norway,Rate,0.524572,2022,0.511055,0.504099
0,'DALYs (Disability-Adjusted Life Years)',Switzerland,Rate,0.499277,2023,0.490442,0.471235
0,'DALYs (Disability-Adjusted Life Years)',Fiji,Rate,0.357983,2023,0.37448,0.329104
0,'DALYs (Disability-Adjusted Life Years)',Mexico,Rate,0.230393,2023,0.214314,0.234491
0,'DALYs (Disability-Adjusted Life Years)',Niger,Rate,0.132613,2023,0.170978,0.104543
0,'DALYs (Disability-Adjusted Life Years)',Belarus,Rate,0.693904,2023,0.685752,0.682332
0,'DALYs (Disability-Adjusted Life Years)','New Zealand',Rate,0.588909,2023,0.5739,0.567574
0,'DALYs (Disability-Adjusted Life Years)',Singapore,Rate,0.303458,2022,0.289339,0.299095
0,'DALYs (Disability-Adjusted Life Years)',Brazil,Rate,0.383918,2022,0.361666,0.383389
0,'DALYs (Disability-Adjusted Life Years)',Togo,Rate,0.156194,2021,0.171384,0.131955
0,'DALYs (Disability-Adjusted Life Years)',Uganda,Rate,0.35734,2023,0.382942,0.311096
0,'DALYs (Disability-Adjusted Life Years)',Iceland,Rate,0.516919,2023,0.512198,0.501674
0,'DALYs (Disability-Adjusted Life Years)','Iran (Islamic Republic of)',Rate,0.229604,2023,0.236232,0.212458
0,'DALYs (Disability-Adjusted Life Years)',Palau,Rate,0.749109,2022,0.781831,0.691229
0,'DALYs (Disability-Adjusted Life Years)','Burkina Faso',Rate,0.105282,2023,0.10867,0.091452
0,'DALYs (Disability-Adjusted Life Years)',Czechia,Rate,0.687606,2023,0.660074,0.679874
0,'DALYs (Disability-Adjusted Life Years)',Indonesia,Rate,0.31173,2023,0.333622,0.280792
0,'DALYs (Disability-Adjusted Life Years)','Saint Kitts and Nevis',Rate,0.458242,2023,0.447745,0.44802
0,'DALYs (Disability-Adjusted Life Years)',Lithuania,Rate,0.793342,2023,0.768223,0.783146
0,'DALYs (Disability-Adjusted Life Years)','Lao Peoples Democratic Republic',Rate,0.300002,2023,0.316325,0.263857
0,'DALYs (Disability-Adjusted Life Years)',Guyana,Rate,0.312824,2022,0.314173,0.301407
0,'DALYs (Disability-Adjusted Life Years)',Malaysia,Rate,0.295505,2022,0.289704,0.284798
0,'DALYs (Disability-Adjusted Life Years)',Rwanda,Rate,0.360039,2022,0.383916,0.325004
0,'DALYs (Disability-Adjusted Life Years)',Eswatini,Rate,0.366379,2022,0.465143,0.271876
0,'DALYs (Disability-Adjusted Life Years)',Qatar,Rate,0.009784,2023,0.012523,0.006648
0,'DALYs (Disability-Adjusted Life Years)',Suriname,Rate,0.369184,2023,0.369024,0.348231
0,'DALYs (Disability-Adjusted Life Years)',Netherlands,Rate,0.766126,2022,0.744813,0.739717
0,'DALYs (Disability-Adjusted Life Years)',Libya,Rate,0.276743,2022,0.3026,0.233362
0,'DALYs (Disability-Adjusted Life Years)',Bermuda,Rate,0.7501,2022,0.738131,0.731104
0,'DALYs (Disability-Adjusted Life Years)',Canada,Rate,0.597168,2021,0.576349,0.579495
0,'DALYs (Disability-Adjusted Life Years)',Haiti,Rate,0.308108,2022,0.342713,0.264234
0,'DALYs (Disability-Adjusted Life Years)','El Salvador',Rate,0.354233,2022,0.361705,0.335482
0,'DALYs (Disability-Adjusted Life Years)',Georgia,Rate,0.684036,2023,0.688022,0.648262
0,'DALYs (Disability-Adjusted Life Years)',Sweden,Rate,0.558973,2023,0.546579,0.531015
0,'DALYs (Disability-Adjusted Life Years)','Puerto Rico',Rate,0.456621,2022,0.438328,0.445826
0,'DALYs (Disability-Adjusted Life Years)',Latvia,Rate,0.823435,2023,0.797806,0.815757
0,'DALYs (Disability-Adjusted Life Years)',Bhutan,Rate,0.268253,2023,0.290624,0.236453
0,'DALYs (Disability-Adjusted Life Years)',Egypt,Rate,0.217189,2023,0.235326,0.188621
0,'DALYs (Disability-Adjusted Life Years)','Cook Islands',Rate,0.680094,2023,0.723551,0.607671
0,'DALYs (Disability-Adjusted Life Years)','Saint Vincent and the Grenadines',Rate,0.511004,2023,0.512653,0.476253
0,'DALYs (Disability-Adjusted Life Years)',Eritrea,Rate,0.404505,2023,0.441087,0.35978
0,'DALYs (Disability-Adjusted Life Years)',Bahamas,Rate,0.556649,2023,0.550987,0.539807
0,'DALYs (Disability-Adjusted Life Years)',Nigeria,Rate,0.165419,2023,0.185493,0.136133
0,'DALYs (Disability-Adjusted Life Years)',Oman,Rate,0.056682,2022,0.058902,0.046087
0,'DALYs (Disability-Adjusted Life Years)',Tunisia,Rate,0.44825,2023,0.458036,0.419658
0,'DALYs (Disability-Adjusted Life Years)',Bulgaria,Rate,0.78476,2022,0.757263,0.785665
0,'DALYs (Disability-Adjusted Life Years)','Marshall Islands',Rate,0.43574,2023,0.477282,0.377834
0,'DALYs (Disability-Adjusted Life Years)',Tuvalu,Rate,0.471104,2023,0.519141,0.407743
0,'DALYs (Disability-Adjusted Life Years)',Bahrain,Rate,0.145645,2022,0.150825,0.130134
0,'DALYs (Disability-Adjusted Life Years)',Ireland,Rate,0.529582,2023,0.515131,0.507746
0,'DALYs (Disability-Adjusted Life Years)',France,Rate,0.74034,2023,0.720961,0.711661
0,'DALYs (Disability-Adjusted Life Years)',Burundi,Rate,0.264895,2023,0.29165,0.226103
0,'DALYs (Disability-Adjusted Life Years)',Guinea,Rate,0.17785,2022,0.203172,0.153138
0,'DALYs (Disability-Adjusted Life Years)',India,Rate,0.210222,2022,0.220036,0.194027
0,'DALYs (Disability-Adjusted Life Years)',Türkiye,Rate,0.413728,2023,0.431475,0.370779
0,'DALYs (Disability-Adjusted Life Years)',Somalia,Rate,0.123133,2022,0.14077,0.098402
0,'DALYs (Disability-Adjusted Life Years)',China,Rate,0.515311,2023,0.538655,0.470211
0,'DALYs (Disability-Adjusted Life Years)','Russian Federation',Rate,0.608969,2023,0.58393,0.605955
0,'DALYs (Disability-Adjusted Life Years)',Cameroon,Rate,0.19851,2023,0.214205,0.172973
0,'DALYs (Disability-Adjusted Life Years)',Tokelau,Rate,0.235164,2023,0.258863,0.203198
0,'DALYs (Disability-Adjusted Life Years)',Myanmar,Rate,0.333857,2023,0.358077,0.29771
0,'DALYs (Disability-Adjusted Life Years)',Nepal,Rate,0.158747,2023,0.171683,0.140597
0,'DALYs (Disability-Adjusted Life Years)','North Macedonia',Rate,0.729096,2023,0.727457,0.691087
0,'DALYs (Disability-Adjusted Life Years)',Mongolia,Rate,0.499316,2023,0.513764,0.470569
0,'DALYs (Disability-Adjusted Life Years)',Kiribati,Rate,0.179256,2022,0.201307,0.144392
0,'DALYs (Disability-Adjusted Life Years)',Kyrgyzstan,Rate,0.15246,2023,0.143814,0.151247
0,'DALYs (Disability-Adjusted Life Years)',Jordan,Rate,0.170005,2023,0.170462,0.1597
0,'DALYs (Disability-Adjusted Life Years)','United Kingdom',Rate,0.707382,2023,0.681639,0.688042
0,'DALYs (Disability-Adjusted Life Years)',Barbados,Rate,0.777324,2023,0.770191,0.755309
0,'DALYs (Disability-Adjusted Life Years)',Spain,Rate,0.658671,2022,0.638324,0.632561
0,'DALYs (Disability-Adjusted Life Years)',Australia,Rate,0.492849,2023,0.479998,0.466882
0,'DALYs (Disability-Adjusted Life Years)',Germany,Rate,0.803867,2022,0.777105,0.776909
0,'DALYs (Disability-Adjusted Life Years)',Djibouti,Rate,0.3115,2023,0.341857,0.272376
0,'DALYs (Disability-Adjusted Life Years)','Trinidad and Tobago',Rate,0.540517,2023,0.532465,0.528235
0,'DALYs (Disability-Adjusted Life Years)','San Marino',Rate,0.512258,2022,0.529802,0.470866
0,'DALYs (Disability-Adjusted Life Years)','Antigua and Barbuda',Rate,0.396868,2022,0.394279,0.380673
0,'DALYs (Disability-Adjusted Life Years)',Australia,Rate,0.503183,2022,0.488614,0.480889
0,'DALYs (Disability-Adjusted Life Years)',Guam,Rate,0.387447,2023,0.383296,0.374789
0,'DALYs (Disability-Adjusted Life Years)','Saint Lucia',Rate,0.443114,2022,0.448252,0.418919
0,'DALYs (Disability-Adjusted Life Years)','United States Virgin Islands',Rate,0.66625,2023,0.678586,0.620723
0,'DALYs (Disability-Adjusted Life Years)',Madagascar,Rate,0.326451,2023,0.345059,0.296274
0,'DALYs (Disability-Adjusted Life Years)',Dominica,Rate,0.601919,2023,0.611598,0.567784
0,'DALYs (Disability-Adjusted Life Years)','Cabo Verde',Rate,0.337952,2023,0.368825,0.296871
0,'DALYs (Disability-Adjusted Life Years)',Uganda,Rate,0.333347,2022,0.357037,0.294698
0,'DALYs (Disability-Adjusted Life Years)','Iran (Islamic Republic of)',Rate,0.227496,2022,0.231785,0.212084
0,'DALYs (Disability-Adjusted Life Years)',Hungary,Rate,0.904394,2023,0.865385,0.90249
0,'DALYs (Disability-Adjusted Life Years)',Nicaragua,Rate,0.185778,2023,0.192803,0.173545
0,'DALYs (Disability-Adjusted Life Years)',Argentina,Rate,0.47711,2023,0.460498,0.469411
0,'DALYs (Disability-Adjusted Life Years)','Sri Lanka',Rate,0.330565,2023,0.33095,0.306672
0,'DALYs (Disability-Adjusted Life Years)','United Republic of Tanzania',Rate,0.161371,2023,0.17712,0.137337
0,'DALYs (Disability-Adjusted Life Years)','Taiwan (Province of China)',Rate,0.767731,2023,0.743648,0.751961
0,'DALYs (Disability-Adjusted Life Years)',Azerbaijan,Rate,0.32717,2022,0.346438,0.301157
0,'DALYs (Disability-Adjusted Life Years)',Italy,Rate,0.72817,2023,0.716911,0.685194
0,'DALYs (Disability-Adjusted Life Years)',Honduras,Rate,0.117276,2022,0.11946,0.103078
0,'DALYs (Disability-Adjusted Life Years)',Liberia,Rate,0.247064,2022,0.281272,0.19542
0,'DALYs (Disability-Adjusted Life Years)',Pakistan,Rate,0.256845,2022,0.274529,0.23392
0,'DALYs (Disability-Adjusted Life Years)',Austria,Rate,0.637385,2023,0.617433,0.612183
0,'DALYs (Disability-Adjusted Life Years)',Greenland,Rate,0.891377,2022,0.917149,0.844905
0,'DALYs (Disability-Adjusted Life Years)',Czechia,Rate,0.730558,2022,0.701301,0.723721
0,'DALYs (Disability-Adjusted Life Years)',Comoros,Rate,0.095636,2022,0.096705,0.08458
0,'DALYs (Disability-Adjusted Life Years)','Micronesia (Federated States of)',Rate,0.311544,2022,0.32424,0.280821
0,'DALYs (Disability-Adjusted Life Years)',Cuba,Rate,0.669082,2023,0.67879,0.63229
0,'DALYs (Disability-Adjusted Life Years)',Greece,Rate,0.763279,2022,0.735735,0.740468
0,'DALYs (Disability-Adjusted Life Years)',Poland,Rate,0.788399,2023,0.756967,0.777556
0,'DALYs (Disability-Adjusted Life Years)','Syrian Arab Republic',Rate,0.128396,2022,0.135756,0.111
0,'DALYs (Disability-Adjusted Life Years)',Nauru,Rate,0.519027,2023,0.592285,0.445491
0,'DALYs (Disability-Adjusted Life Years)',Tuvalu,Rate,0.466385,2022,0.512945,0.40056
0,'DALYs (Disability-Adjusted Life Years)',Yemen,Rate,0.090559,2023,0.111191,0.061017
0,'DALYs (Disability-Adjusted Life Years)',Lesotho,Rate,0.27114,2023,0.33022,0.210627
0,'DALYs (Disability-Adjusted Life Years)','Solomon Islands',Rate,0.347591,2023,0.372005,0.30475
0,'DALYs (Disability-Adjusted Life Years)',Senegal,Rate,0.1397,2023,0.151138,0.119472
0,'DALYs (Disability-Adjusted Life Years)',Switzerland,Rate,0.544751,2022,0.535339,0.51616
0,'DALYs (Disability-Adjusted Life Years)',Slovakia,Rate,0.768739,2023,0.75986,0.75394
0,'DALYs (Disability-Adjusted Life Years)',Barbados,Rate,0.761987,2022,0.748778,0.740354
0,'DALYs (Disability-Adjusted Life Years)',Mauritius,Rate,0.390614,2023,0.379205,0.386282
0,'DALYs (Disability-Adjusted Life Years)',Estonia,Rate,0.702169,2022,0.682047,0.686248
0,'DALYs (Disability-Adjusted Life Years)',Grenada,Rate,0.508283,2023,0.521766,0.478099
0,'DALYs (Disability-Adjusted Life Years)','Venezuela (Bolivarian Republic of)',Rate,0.462209,2023,0.4648,0.439766
0,'DALYs (Disability-Adjusted Life Years)',Angola,Rate,0.201959,2023,0.222588,0.165238
0,'DALYs (Disability-Adjusted Life Years)',Uruguay,Rate,0.829963,2023,0.800642,0.810584
0,'DALYs (Disability-Adjusted Life Years)',Malta,Rate,0.456367,2023,0.453839,0.43546
0,'DALYs (Disability-Adjusted Life Years)',Ecuador,Rate,0.264912,2023,0.250237,0.266167
0,'DALYs (Disability-Adjusted Life Years)',Kazakhstan,Rate,0.245867,2022,0.233562,0.245639
0,'DALYs (Disability-Adjusted Life Years)','Burkina Faso',Rate,0.093455,2022,0.096261,0.080414
0,'DALYs (Disability-Adjusted Life Years)',Lebanon,Rate,0.372394,2023,0.381753,0.346978
0,'DALYs (Disability-Adjusted Life Years)',Eritrea,Rate,0.398931,2022,0.427142,0.361711
0,'DALYs (Disability-Adjusted Life Years)','Côte dIvoire',Rate,0.199871,2023,0.224378,0.165122
0,'DALYs (Disability-Adjusted Life Years)',Uzbekistan,Rate,0.181039,2023,0.169886,0.182742
0,'DALYs (Disability-Adjusted Life Years)',Cyprus,Rate,0.45903,2023,0.473374,0.425589
0,'DALYs (Disability-Adjusted Life Years)',Suriname,Rate,0.363377,2022,0.361731,0.344306
0,'DALYs (Disability-Adjusted Life Years)',Timor-Leste,Rate,0.188852,2023,0.211868,0.166258
0,'DALYs (Disability-Adjusted Life Years)','Brunei Darussalam',Rate,0.389165,2023,0.390139,0.364999
0,'DALYs (Disability-Adjusted Life Years)',Ireland,Rate,0.509077,2022,0.494176,0.49465
0,'DALYs (Disability-Adjusted Life Years)','Northern Mariana Islands',Rate,0.548349,2023,0.579113,0.496737
0,'DALYs (Disability-Adjusted Life Years)',Serbia,Rate,0.874766,2023,0.887623,0.831594
0,'DALYs (Disability-Adjusted Life Years)',Brazil,Rate,0.394709,2023,0.374177,0.391108
0,'DALYs (Disability-Adjusted Life Years)',Togo,Rate,0.188713,2023,0.213434,0.153634
0,'DALYs (Disability-Adjusted Life Years)',Vanuatu,Rate,0.143026,2023,0.157132,0.120259
0,'DALYs (Disability-Adjusted Life Years)',Mauritania,Rate,0.214989,2022,0.238995,0.172646
0,'DALYs (Disability-Adjusted Life Years)',Congo,Rate,0.231576,2023,0.279419,0.184407
0,'DALYs (Disability-Adjusted Life Years)',Lithuania,Rate,0.799203,2022,0.772075,0.792643
0,'DALYs (Disability-Adjusted Life Years)',Morocco,Rate,0.248284,2023,0.295274,0.20545
0,'DALYs (Disability-Adjusted Life Years)',Ghana,Rate,0.182478,2023,0.196942,0.161594
0,'DALYs (Disability-Adjusted Life Years)',Norway,Rate,0.547714,2023,0.534861,0.525792
0,'DALYs (Disability-Adjusted Life Years)',Canada,Rate,0.622502,2023,0.606224,0.602171
0,'DALYs (Disability-Adjusted Life Years)',Colombia,Rate,0.269831,2023,0.25388,0.270819
0,'DALYs (Disability-Adjusted Life Years)',Albania,Rate,0.478734,2023,0.496807,0.448966
0,'DALYs (Disability-Adjusted Life Years)','Equatorial Guinea',Rate,0.289851,2023,0.335308,0.206086
0,'DALYs (Disability-Adjusted Life Years)',Namibia,Rate,0.253814,2023,0.274332,0.200885
0,'DALYs (Disability-Adjusted Life Years)',Nigeria,Rate,0.156032,2022,0.173484,0.127223
0,'DALYs (Disability-Adjusted Life Years)',Eswatini,Rate,0.370216,2023,0.477004,0.268153
